"Dostopnost izbranih dobrin, po starostnih skupinah in spolu, Slovenija, letno"

"SPOL";"STAROSTNE SKUPINE";"DOBRINA";"LETO";"MERITVE";Dostopnost izbranih dobrin
"Moški";"16-25 let";"Nova oblaèila";"2014";"Da";92
"Moški";"16-25 let";"Nova oblaèila";"2014";"Ne, iz finanènih razlogov";7
"Moški";"16-25 let";"Nova oblaèila";"2014";"Ne, iz drugih razlogov";1
"Moški";"16-25 let";"Nova oblaèila";"2015";"Da";97
"Moški";"16-25 let";"Nova oblaèila";"2015";"Ne, iz finanènih razlogov";3
"Moški";"16-25 let";"Nova oblaèila";"2015";"Ne, iz drugih razlogov";0
"Moški";"16-25 let";"Nova oblaèila";"2016";"Da";97
"Moški";"16-25 let";"Nova oblaèila";"2016";"Ne, iz finanènih razlogov";3
"Moški";"16-25 let";"Nova oblaèila";"2016";"Ne, iz drugih razlogov";0
"Moški";"16-25 let";"Nova oblaèila";"2017";"Da";96
"Moški";"16-25 let";"Nova oblaèila";"2017";"Ne, iz finanènih razlogov";4
"Moški";"16-25 let";"Nova oblaèila";"2017";"Ne, iz drugih razlogov";0
"Moški";"16-25 let";"Nova oblaèila";"2018";"Da";99
"Moški";"16-25 let";"Nova oblaèila";"2018";"Ne, iz finanènih razlogov";1
"Moški";"16-25 let";"Nova oblaèila";"2018";"Ne, iz drugih razlogov";0
"Moški";"16-25 let";"Dva para èevljev";"2014";"Da";99
"Moški";"16-25 let";"Dva para èevljev";"2014";"Ne, iz finanènih razlogov";1
"Moški";"16-25 let";"Dva para èevljev";"2014";"Ne, iz drugih razlogov";0
"Moški";"16-25 let";"Dva para èevljev";"2015";"Da";99
"Moški";"16-25 let";"Dva para èevljev";"2015";"Ne, iz finanènih razlogov";1
"Moški";"16-25 let";"Dva para èevljev";"2015";"Ne, iz drugih razlogov";0
"Moški";"16-25 let";"Dva para èevljev";"2016";"Da";99
"Moški";"16-25 let";"Dva para èevljev";"2016";"Ne, iz finanènih razlogov";1
"Moški";"16-25 let";"Dva para èevljev";"2016";"Ne, iz drugih razlogov";0
"Moški";"16-25 let";"Dva para èevljev";"2017";"Da";99
"Moški";"16-25 let";"Dva para èevljev";"2017";"Ne, iz finanènih razlogov";1
"Moški";"16-25 let";"Dva para èevljev";"2017";"Ne, iz drugih razlogov";0
"Moški";"16-25 let";"Dva para èevljev";"2018";"Da";100
"Moški";"16-25 let";"Dva para èevljev";"2018";"Ne, iz finanènih razlogov";0
"Moški";"16-25 let";"Dva para èevljev";"2018";"Ne, iz drugih razlogov";0
"Moški";"16-25 let";"Druženje ob pijaèi, na kosilu/veèerji vsaj enkrat na mesec";"2014";"Da";90
"Moški";"16-25 let";"Druženje ob pijaèi, na kosilu/veèerji vsaj enkrat na mesec";"2014";"Ne, iz finanènih razlogov";6
"Moški";"16-25 let";"Druženje ob pijaèi, na kosilu/veèerji vsaj enkrat na mesec";"2014";"Ne, iz drugih razlogov";4
"Moški";"16-25 let";"Druženje ob pijaèi, na kosilu/veèerji vsaj enkrat na mesec";"2015";"Da";93
"Moški";"16-25 let";"Druženje ob pijaèi, na kosilu/veèerji vsaj enkrat na mesec";"2015";"Ne, iz finanènih razlogov";4
"Moški";"16-25 let";"Druženje ob pijaèi, na kosilu/veèerji vsaj enkrat na mesec";"2015";"Ne, iz drugih razlogov";3
"Moški";"16-25 let";"Druženje ob pijaèi, na kosilu/veèerji vsaj enkrat na mesec";"2016";"Da";96
"Moški";"16-25 let";"Druženje ob pijaèi, na kosilu/veèerji vsaj enkrat na mesec";"2016";"Ne, iz finanènih razlogov";3
"Moški";"16-25 let";"Druženje ob pijaèi, na kosilu/veèerji vsaj enkrat na mesec";"2016";"Ne, iz drugih razlogov";2
"Moški";"16-25 let";"Druženje ob pijaèi, na kosilu/veèerji vsaj enkrat na mesec";"2017";"Da";97
"Moški";"16-25 let";"Druženje ob pijaèi, na kosilu/veèerji vsaj enkrat na mesec";"2017";"Ne, iz finanènih razlogov";2
"Moški";"16-25 let";"Druženje ob pijaèi, na kosilu/veèerji vsaj enkrat na mesec";"2017";"Ne, iz drugih razlogov";1
"Moški";"16-25 let";"Druženje ob pijaèi, na kosilu/veèerji vsaj enkrat na mesec";"2018";"Da";98
"Moški";"16-25 let";"Druženje ob pijaèi, na kosilu/veèerji vsaj enkrat na mesec";"2018";"Ne, iz finanènih razlogov";1
"Moški";"16-25 let";"Druženje ob pijaèi, na kosilu/veèerji vsaj enkrat na mesec";"2018";"Ne, iz drugih razlogov";1
"Moški";"16-25 let";"Plaèljive prostoèasne aktivnosti";"2014";"Da";54
"Moški";"16-25 let";"Plaèljive prostoèasne aktivnosti";"2014";"Ne, iz finanènih razlogov";17
"Moški";"16-25 let";"Plaèljive prostoèasne aktivnosti";"2014";"Ne, iz drugih razlogov";29
"Moški";"16-25 let";"Plaèljive prostoèasne aktivnosti";"2015";"Da";67
"Moški";"16-25 let";"Plaèljive prostoèasne aktivnosti";"2015";"Ne, iz finanènih razlogov";13
"Moški";"16-25 let";"Plaèljive prostoèasne aktivnosti";"2015";"Ne, iz drugih razlogov";20
"Moški";"16-25 let";"Plaèljive prostoèasne aktivnosti";"2016";"Da";74
"Moški";"16-25 let";"Plaèljive prostoèasne aktivnosti";"2016";"Ne, iz finanènih razlogov";10
"Moški";"16-25 let";"Plaèljive prostoèasne aktivnosti";"2016";"Ne, iz drugih razlogov";15
"Moški";"16-25 let";"Plaèljive prostoèasne aktivnosti";"2017";"Da";73
"Moški";"16-25 let";"Plaèljive prostoèasne aktivnosti";"2017";"Ne, iz finanènih razlogov";10
"Moški";"16-25 let";"Plaèljive prostoèasne aktivnosti";"2017";"Ne, iz drugih razlogov";17
"Moški";"16-25 let";"Plaèljive prostoèasne aktivnosti";"2018";"Da";74
"Moški";"16-25 let";"Plaèljive prostoèasne aktivnosti";"2018";"Ne, iz finanènih razlogov";9
"Moški";"16-25 let";"Plaèljive prostoèasne aktivnosti";"2018";"Ne, iz drugih razlogov";17
"Moški";"16-25 let";"Razpolaganje z manjšim zneskom denarja";"2014";"Da";88
"Moški";"16-25 let";"Razpolaganje z manjšim zneskom denarja";"2014";"Ne, iz finanènih razlogov";10
"Moški";"16-25 let";"Razpolaganje z manjšim zneskom denarja";"2014";"Ne, iz drugih razlogov";2
"Moški";"16-25 let";"Razpolaganje z manjšim zneskom denarja";"2015";"Da";94
"Moški";"16-25 let";"Razpolaganje z manjšim zneskom denarja";"2015";"Ne, iz finanènih razlogov";5
"Moški";"16-25 let";"Razpolaganje z manjšim zneskom denarja";"2015";"Ne, iz drugih razlogov";1
"Moški";"16-25 let";"Razpolaganje z manjšim zneskom denarja";"2016";"Da";94
"Moški";"16-25 let";"Razpolaganje z manjšim zneskom denarja";"2016";"Ne, iz finanènih razlogov";5
"Moški";"16-25 let";"Razpolaganje z manjšim zneskom denarja";"2016";"Ne, iz drugih razlogov";1
"Moški";"16-25 let";"Razpolaganje z manjšim zneskom denarja";"2017";"Da";93
"Moški";"16-25 let";"Razpolaganje z manjšim zneskom denarja";"2017";"Ne, iz finanènih razlogov";6
"Moški";"16-25 let";"Razpolaganje z manjšim zneskom denarja";"2017";"Ne, iz drugih razlogov";1
"Moški";"16-25 let";"Razpolaganje z manjšim zneskom denarja";"2018";"Da";94
"Moški";"16-25 let";"Razpolaganje z manjšim zneskom denarja";"2018";"Ne, iz finanènih razlogov";4
"Moški";"16-25 let";"Razpolaganje z manjšim zneskom denarja";"2018";"Ne, iz drugih razlogov";2
"Moški";"16-25 let";"Uporaba interneta doma";"2014";"Da";97
"Moški";"16-25 let";"Uporaba interneta doma";"2014";"Ne, iz finanènih razlogov";2
"Moški";"16-25 let";"Uporaba interneta doma";"2014";"Ne, iz drugih razlogov";1
"Moški";"16-25 let";"Uporaba interneta doma";"2015";"Da";97
"Moški";"16-25 let";"Uporaba interneta doma";"2015";"Ne, iz finanènih razlogov";1
"Moški";"16-25 let";"Uporaba interneta doma";"2015";"Ne, iz drugih razlogov";2
"Moški";"16-25 let";"Uporaba interneta doma";"2016";"Da";98
"Moški";"16-25 let";"Uporaba interneta doma";"2016";"Ne, iz finanènih razlogov";1
"Moški";"16-25 let";"Uporaba interneta doma";"2016";"Ne, iz drugih razlogov";1
"Moški";"16-25 let";"Uporaba interneta doma";"2017";"Da";99
"Moški";"16-25 let";"Uporaba interneta doma";"2017";"Ne, iz finanènih razlogov";1
"Moški";"16-25 let";"Uporaba interneta doma";"2017";"Ne, iz drugih razlogov";0
"Moški";"16-25 let";"Uporaba interneta doma";"2018";"Da";100
"Moški";"16-25 let";"Uporaba interneta doma";"2018";"Ne, iz finanènih razlogov";0
"Moški";"16-25 let";"Uporaba interneta doma";"2018";"Ne, iz drugih razlogov";0
"Moški";"26-35 let";"Nova oblaèila";"2014";"Da";92
"Moški";"26-35 let";"Nova oblaèila";"2014";"Ne, iz finanènih razlogov";8
"Moški";"26-35 let";"Nova oblaèila";"2014";"Ne, iz drugih razlogov";1
"Moški";"26-35 let";"Nova oblaèila";"2015";"Da";96
"Moški";"26-35 let";"Nova oblaèila";"2015";"Ne, iz finanènih razlogov";4
"Moški";"26-35 let";"Nova oblaèila";"2015";"Ne, iz drugih razlogov";0
"Moški";"26-35 let";"Nova oblaèila";"2016";"Da";97
"Moški";"26-35 let";"Nova oblaèila";"2016";"Ne, iz finanènih razlogov";3
"Moški";"26-35 let";"Nova oblaèila";"2016";"Ne, iz drugih razlogov";0
"Moški";"26-35 let";"Nova oblaèila";"2017";"Da";96
"Moški";"26-35 let";"Nova oblaèila";"2017";"Ne, iz finanènih razlogov";4
"Moški";"26-35 let";"Nova oblaèila";"2017";"Ne, iz drugih razlogov";0
"Moški";"26-35 let";"Nova oblaèila";"2018";"Da";97
"Moški";"26-35 let";"Nova oblaèila";"2018";"Ne, iz finanènih razlogov";2
"Moški";"26-35 let";"Nova oblaèila";"2018";"Ne, iz drugih razlogov";0
"Moški";"26-35 let";"Dva para èevljev";"2014";"Da";99
"Moški";"26-35 let";"Dva para èevljev";"2014";"Ne, iz finanènih razlogov";1
"Moški";"26-35 let";"Dva para èevljev";"2014";"Ne, iz drugih razlogov";0
"Moški";"26-35 let";"Dva para èevljev";"2015";"Da";99
"Moški";"26-35 let";"Dva para èevljev";"2015";"Ne, iz finanènih razlogov";1
"Moški";"26-35 let";"Dva para èevljev";"2015";"Ne, iz drugih razlogov";0
"Moški";"26-35 let";"Dva para èevljev";"2016";"Da";100
"Moški";"26-35 let";"Dva para èevljev";"2016";"Ne, iz finanènih razlogov";0
"Moški";"26-35 let";"Dva para èevljev";"2016";"Ne, iz drugih razlogov";0
"Moški";"26-35 let";"Dva para èevljev";"2017";"Da";99
"Moški";"26-35 let";"Dva para èevljev";"2017";"Ne, iz finanènih razlogov";1
"Moški";"26-35 let";"Dva para èevljev";"2017";"Ne, iz drugih razlogov";0
"Moški";"26-35 let";"Dva para èevljev";"2018";"Da";99
"Moški";"26-35 let";"Dva para èevljev";"2018";"Ne, iz finanènih razlogov";1
"Moški";"26-35 let";"Dva para èevljev";"2018";"Ne, iz drugih razlogov";0
"Moški";"26-35 let";"Druženje ob pijaèi, na kosilu/veèerji vsaj enkrat na mesec";"2014";"Da";91
"Moški";"26-35 let";"Druženje ob pijaèi, na kosilu/veèerji vsaj enkrat na mesec";"2014";"Ne, iz finanènih razlogov";5
"Moški";"26-35 let";"Druženje ob pijaèi, na kosilu/veèerji vsaj enkrat na mesec";"2014";"Ne, iz drugih razlogov";4
"Moški";"26-35 let";"Druženje ob pijaèi, na kosilu/veèerji vsaj enkrat na mesec";"2015";"Da";93
"Moški";"26-35 let";"Druženje ob pijaèi, na kosilu/veèerji vsaj enkrat na mesec";"2015";"Ne, iz finanènih razlogov";4
"Moški";"26-35 let";"Druženje ob pijaèi, na kosilu/veèerji vsaj enkrat na mesec";"2015";"Ne, iz drugih razlogov";3
"Moški";"26-35 let";"Druženje ob pijaèi, na kosilu/veèerji vsaj enkrat na mesec";"2016";"Da";94
"Moški";"26-35 let";"Druženje ob pijaèi, na kosilu/veèerji vsaj enkrat na mesec";"2016";"Ne, iz finanènih razlogov";4
"Moški";"26-35 let";"Druženje ob pijaèi, na kosilu/veèerji vsaj enkrat na mesec";"2016";"Ne, iz drugih razlogov";2
"Moški";"26-35 let";"Druženje ob pijaèi, na kosilu/veèerji vsaj enkrat na mesec";"2017";"Da";95
"Moški";"26-35 let";"Druženje ob pijaèi, na kosilu/veèerji vsaj enkrat na mesec";"2017";"Ne, iz finanènih razlogov";3
"Moški";"26-35 let";"Druženje ob pijaèi, na kosilu/veèerji vsaj enkrat na mesec";"2017";"Ne, iz drugih razlogov";1
"Moški";"26-35 let";"Druženje ob pijaèi, na kosilu/veèerji vsaj enkrat na mesec";"2018";"Da";96
"Moški";"26-35 let";"Druženje ob pijaèi, na kosilu/veèerji vsaj enkrat na mesec";"2018";"Ne, iz finanènih razlogov";2
"Moški";"26-35 let";"Druženje ob pijaèi, na kosilu/veèerji vsaj enkrat na mesec";"2018";"Ne, iz drugih razlogov";2
"Moški";"26-35 let";"Plaèljive prostoèasne aktivnosti";"2014";"Da";47
"Moški";"26-35 let";"Plaèljive prostoèasne aktivnosti";"2014";"Ne, iz finanènih razlogov";20
"Moški";"26-35 let";"Plaèljive prostoèasne aktivnosti";"2014";"Ne, iz drugih razlogov";33
"Moški";"26-35 let";"Plaèljive prostoèasne aktivnosti";"2015";"Da";57
"Moški";"26-35 let";"Plaèljive prostoèasne aktivnosti";"2015";"Ne, iz finanènih razlogov";17
"Moški";"26-35 let";"Plaèljive prostoèasne aktivnosti";"2015";"Ne, iz drugih razlogov";26
"Moški";"26-35 let";"Plaèljive prostoèasne aktivnosti";"2016";"Da";64
"Moški";"26-35 let";"Plaèljive prostoèasne aktivnosti";"2016";"Ne, iz finanènih razlogov";14
"Moški";"26-35 let";"Plaèljive prostoèasne aktivnosti";"2016";"Ne, iz drugih razlogov";22
"Moški";"26-35 let";"Plaèljive prostoèasne aktivnosti";"2017";"Da";62
"Moški";"26-35 let";"Plaèljive prostoèasne aktivnosti";"2017";"Ne, iz finanènih razlogov";14
"Moški";"26-35 let";"Plaèljive prostoèasne aktivnosti";"2017";"Ne, iz drugih razlogov";24
"Moški";"26-35 let";"Plaèljive prostoèasne aktivnosti";"2018";"Da";64
"Moški";"26-35 let";"Plaèljive prostoèasne aktivnosti";"2018";"Ne, iz finanènih razlogov";10
"Moški";"26-35 let";"Plaèljive prostoèasne aktivnosti";"2018";"Ne, iz drugih razlogov";26
"Moški";"26-35 let";"Razpolaganje z manjšim zneskom denarja";"2014";"Da";91
"Moški";"26-35 let";"Razpolaganje z manjšim zneskom denarja";"2014";"Ne, iz finanènih razlogov";8
"Moški";"26-35 let";"Razpolaganje z manjšim zneskom denarja";"2014";"Ne, iz drugih razlogov";1
"Moški";"26-35 let";"Razpolaganje z manjšim zneskom denarja";"2015";"Da";95
"Moški";"26-35 let";"Razpolaganje z manjšim zneskom denarja";"2015";"Ne, iz finanènih razlogov";4
"Moški";"26-35 let";"Razpolaganje z manjšim zneskom denarja";"2015";"Ne, iz drugih razlogov";1
"Moški";"26-35 let";"Razpolaganje z manjšim zneskom denarja";"2016";"Da";95
"Moški";"26-35 let";"Razpolaganje z manjšim zneskom denarja";"2016";"Ne, iz finanènih razlogov";4
"Moški";"26-35 let";"Razpolaganje z manjšim zneskom denarja";"2016";"Ne, iz drugih razlogov";1
"Moški";"26-35 let";"Razpolaganje z manjšim zneskom denarja";"2017";"Da";93
"Moški";"26-35 let";"Razpolaganje z manjšim zneskom denarja";"2017";"Ne, iz finanènih razlogov";5
"Moški";"26-35 let";"Razpolaganje z manjšim zneskom denarja";"2017";"Ne, iz drugih razlogov";2
"Moški";"26-35 let";"Razpolaganje z manjšim zneskom denarja";"2018";"Da";93
"Moški";"26-35 let";"Razpolaganje z manjšim zneskom denarja";"2018";"Ne, iz finanènih razlogov";4
"Moški";"26-35 let";"Razpolaganje z manjšim zneskom denarja";"2018";"Ne, iz drugih razlogov";3
"Moški";"26-35 let";"Uporaba interneta doma";"2014";"Da";93
"Moški";"26-35 let";"Uporaba interneta doma";"2014";"Ne, iz finanènih razlogov";2
"Moški";"26-35 let";"Uporaba interneta doma";"2014";"Ne, iz drugih razlogov";5
"Moški";"26-35 let";"Uporaba interneta doma";"2015";"Da";95
"Moški";"26-35 let";"Uporaba interneta doma";"2015";"Ne, iz finanènih razlogov";2
"Moški";"26-35 let";"Uporaba interneta doma";"2015";"Ne, iz drugih razlogov";3
"Moški";"26-35 let";"Uporaba interneta doma";"2016";"Da";97
"Moški";"26-35 let";"Uporaba interneta doma";"2016";"Ne, iz finanènih razlogov";1
"Moški";"26-35 let";"Uporaba interneta doma";"2016";"Ne, iz drugih razlogov";2
"Moški";"26-35 let";"Uporaba interneta doma";"2017";"Da";97
"Moški";"26-35 let";"Uporaba interneta doma";"2017";"Ne, iz finanènih razlogov";1
"Moški";"26-35 let";"Uporaba interneta doma";"2017";"Ne, iz drugih razlogov";2
"Moški";"26-35 let";"Uporaba interneta doma";"2018";"Da";98
"Moški";"26-35 let";"Uporaba interneta doma";"2018";"Ne, iz finanènih razlogov";1
"Moški";"26-35 let";"Uporaba interneta doma";"2018";"Ne, iz drugih razlogov";1
"Moški";"36-45 let";"Nova oblaèila";"2014";"Da";92
"Moški";"36-45 let";"Nova oblaèila";"2014";"Ne, iz finanènih razlogov";8
"Moški";"36-45 let";"Nova oblaèila";"2014";"Ne, iz drugih razlogov";0
"Moški";"36-45 let";"Nova oblaèila";"2015";"Da";97
"Moški";"36-45 let";"Nova oblaèila";"2015";"Ne, iz finanènih razlogov";3
"Moški";"36-45 let";"Nova oblaèila";"2015";"Ne, iz drugih razlogov";0
"Moški";"36-45 let";"Nova oblaèila";"2016";"Da";97
"Moški";"36-45 let";"Nova oblaèila";"2016";"Ne, iz finanènih razlogov";3
"Moški";"36-45 let";"Nova oblaèila";"2016";"Ne, iz drugih razlogov";0
"Moški";"36-45 let";"Nova oblaèila";"2017";"Da";96
"Moški";"36-45 let";"Nova oblaèila";"2017";"Ne, iz finanènih razlogov";4
"Moški";"36-45 let";"Nova oblaèila";"2017";"Ne, iz drugih razlogov";0
"Moški";"36-45 let";"Nova oblaèila";"2018";"Da";97
"Moški";"36-45 let";"Nova oblaèila";"2018";"Ne, iz finanènih razlogov";3
"Moški";"36-45 let";"Nova oblaèila";"2018";"Ne, iz drugih razlogov";0
"Moški";"36-45 let";"Dva para èevljev";"2014";"Da";99
"Moški";"36-45 let";"Dva para èevljev";"2014";"Ne, iz finanènih razlogov";1
"Moški";"36-45 let";"Dva para èevljev";"2014";"Ne, iz drugih razlogov";0
"Moški";"36-45 let";"Dva para èevljev";"2015";"Da";100
"Moški";"36-45 let";"Dva para èevljev";"2015";"Ne, iz finanènih razlogov";0
"Moški";"36-45 let";"Dva para èevljev";"2015";"Ne, iz drugih razlogov";0
"Moški";"36-45 let";"Dva para èevljev";"2016";"Da";99
"Moški";"36-45 let";"Dva para èevljev";"2016";"Ne, iz finanènih razlogov";1
"Moški";"36-45 let";"Dva para èevljev";"2016";"Ne, iz drugih razlogov";0
"Moški";"36-45 let";"Dva para èevljev";"2017";"Da";98
"Moški";"36-45 let";"Dva para èevljev";"2017";"Ne, iz finanènih razlogov";1
"Moški";"36-45 let";"Dva para èevljev";"2017";"Ne, iz drugih razlogov";0
"Moški";"36-45 let";"Dva para èevljev";"2018";"Da";99
"Moški";"36-45 let";"Dva para èevljev";"2018";"Ne, iz finanènih razlogov";1
"Moški";"36-45 let";"Dva para èevljev";"2018";"Ne, iz drugih razlogov";0
"Moški";"36-45 let";"Druženje ob pijaèi, na kosilu/veèerji vsaj enkrat na mesec";"2014";"Da";87
"Moški";"36-45 let";"Druženje ob pijaèi, na kosilu/veèerji vsaj enkrat na mesec";"2014";"Ne, iz finanènih razlogov";8
"Moški";"36-45 let";"Druženje ob pijaèi, na kosilu/veèerji vsaj enkrat na mesec";"2014";"Ne, iz drugih razlogov";6
"Moški";"36-45 let";"Druženje ob pijaèi, na kosilu/veèerji vsaj enkrat na mesec";"2015";"Da";91
"Moški";"36-45 let";"Druženje ob pijaèi, na kosilu/veèerji vsaj enkrat na mesec";"2015";"Ne, iz finanènih razlogov";4
"Moški";"36-45 let";"Druženje ob pijaèi, na kosilu/veèerji vsaj enkrat na mesec";"2015";"Ne, iz drugih razlogov";5
"Moški";"36-45 let";"Druženje ob pijaèi, na kosilu/veèerji vsaj enkrat na mesec";"2016";"Da";93
"Moški";"36-45 let";"Druženje ob pijaèi, na kosilu/veèerji vsaj enkrat na mesec";"2016";"Ne, iz finanènih razlogov";3
"Moški";"36-45 let";"Druženje ob pijaèi, na kosilu/veèerji vsaj enkrat na mesec";"2016";"Ne, iz drugih razlogov";4
"Moški";"36-45 let";"Druženje ob pijaèi, na kosilu/veèerji vsaj enkrat na mesec";"2017";"Da";95
"Moški";"36-45 let";"Druženje ob pijaèi, na kosilu/veèerji vsaj enkrat na mesec";"2017";"Ne, iz finanènih razlogov";3
"Moški";"36-45 let";"Druženje ob pijaèi, na kosilu/veèerji vsaj enkrat na mesec";"2017";"Ne, iz drugih razlogov";3
"Moški";"36-45 let";"Druženje ob pijaèi, na kosilu/veèerji vsaj enkrat na mesec";"2018";"Da";94
"Moški";"36-45 let";"Druženje ob pijaèi, na kosilu/veèerji vsaj enkrat na mesec";"2018";"Ne, iz finanènih razlogov";2
"Moški";"36-45 let";"Druženje ob pijaèi, na kosilu/veèerji vsaj enkrat na mesec";"2018";"Ne, iz drugih razlogov";4
"Moški";"36-45 let";"Plaèljive prostoèasne aktivnosti";"2014";"Da";40
"Moški";"36-45 let";"Plaèljive prostoèasne aktivnosti";"2014";"Ne, iz finanènih razlogov";21
"Moški";"36-45 let";"Plaèljive prostoèasne aktivnosti";"2014";"Ne, iz drugih razlogov";39
"Moški";"36-45 let";"Plaèljive prostoèasne aktivnosti";"2015";"Da";53
"Moški";"36-45 let";"Plaèljive prostoèasne aktivnosti";"2015";"Ne, iz finanènih razlogov";16
"Moški";"36-45 let";"Plaèljive prostoèasne aktivnosti";"2015";"Ne, iz drugih razlogov";31
"Moški";"36-45 let";"Plaèljive prostoèasne aktivnosti";"2016";"Da";59
"Moški";"36-45 let";"Plaèljive prostoèasne aktivnosti";"2016";"Ne, iz finanènih razlogov";13
"Moški";"36-45 let";"Plaèljive prostoèasne aktivnosti";"2016";"Ne, iz drugih razlogov";28
"Moški";"36-45 let";"Plaèljive prostoèasne aktivnosti";"2017";"Da";59
"Moški";"36-45 let";"Plaèljive prostoèasne aktivnosti";"2017";"Ne, iz finanènih razlogov";15
"Moški";"36-45 let";"Plaèljive prostoèasne aktivnosti";"2017";"Ne, iz drugih razlogov";26
"Moški";"36-45 let";"Plaèljive prostoèasne aktivnosti";"2018";"Da";57
"Moški";"36-45 let";"Plaèljive prostoèasne aktivnosti";"2018";"Ne, iz finanènih razlogov";12
"Moški";"36-45 let";"Plaèljive prostoèasne aktivnosti";"2018";"Ne, iz drugih razlogov";31
"Moški";"36-45 let";"Razpolaganje z manjšim zneskom denarja";"2014";"Da";90
"Moški";"36-45 let";"Razpolaganje z manjšim zneskom denarja";"2014";"Ne, iz finanènih razlogov";8
"Moški";"36-45 let";"Razpolaganje z manjšim zneskom denarja";"2014";"Ne, iz drugih razlogov";1
"Moški";"36-45 let";"Razpolaganje z manjšim zneskom denarja";"2015";"Da";94
"Moški";"36-45 let";"Razpolaganje z manjšim zneskom denarja";"2015";"Ne, iz finanènih razlogov";5
"Moški";"36-45 let";"Razpolaganje z manjšim zneskom denarja";"2015";"Ne, iz drugih razlogov";1
"Moški";"36-45 let";"Razpolaganje z manjšim zneskom denarja";"2016";"Da";95
"Moški";"36-45 let";"Razpolaganje z manjšim zneskom denarja";"2016";"Ne, iz finanènih razlogov";4
"Moški";"36-45 let";"Razpolaganje z manjšim zneskom denarja";"2016";"Ne, iz drugih razlogov";1
"Moški";"36-45 let";"Razpolaganje z manjšim zneskom denarja";"2017";"Da";91
"Moški";"36-45 let";"Razpolaganje z manjšim zneskom denarja";"2017";"Ne, iz finanènih razlogov";6
"Moški";"36-45 let";"Razpolaganje z manjšim zneskom denarja";"2017";"Ne, iz drugih razlogov";3
"Moški";"36-45 let";"Razpolaganje z manjšim zneskom denarja";"2018";"Da";92
"Moški";"36-45 let";"Razpolaganje z manjšim zneskom denarja";"2018";"Ne, iz finanènih razlogov";5
"Moški";"36-45 let";"Razpolaganje z manjšim zneskom denarja";"2018";"Ne, iz drugih razlogov";3
"Moški";"36-45 let";"Uporaba interneta doma";"2014";"Da";91
"Moški";"36-45 let";"Uporaba interneta doma";"2014";"Ne, iz finanènih razlogov";2
"Moški";"36-45 let";"Uporaba interneta doma";"2014";"Ne, iz drugih razlogov";7
"Moški";"36-45 let";"Uporaba interneta doma";"2015";"Da";94
"Moški";"36-45 let";"Uporaba interneta doma";"2015";"Ne, iz finanènih razlogov";2
"Moški";"36-45 let";"Uporaba interneta doma";"2015";"Ne, iz drugih razlogov";5
"Moški";"36-45 let";"Uporaba interneta doma";"2016";"Da";95
"Moški";"36-45 let";"Uporaba interneta doma";"2016";"Ne, iz finanènih razlogov";1
"Moški";"36-45 let";"Uporaba interneta doma";"2016";"Ne, iz drugih razlogov";4
"Moški";"36-45 let";"Uporaba interneta doma";"2017";"Da";96
"Moški";"36-45 let";"Uporaba interneta doma";"2017";"Ne, iz finanènih razlogov";1
"Moški";"36-45 let";"Uporaba interneta doma";"2017";"Ne, iz drugih razlogov";3
"Moški";"36-45 let";"Uporaba interneta doma";"2018";"Da";97
"Moški";"36-45 let";"Uporaba interneta doma";"2018";"Ne, iz finanènih razlogov";1
"Moški";"36-45 let";"Uporaba interneta doma";"2018";"Ne, iz drugih razlogov";2
"Moški";"46-55 let";"Nova oblaèila";"2014";"Da";88
"Moški";"46-55 let";"Nova oblaèila";"2014";"Ne, iz finanènih razlogov";11
"Moški";"46-55 let";"Nova oblaèila";"2014";"Ne, iz drugih razlogov";1
"Moški";"46-55 let";"Nova oblaèila";"2015";"Da";94
"Moški";"46-55 let";"Nova oblaèila";"2015";"Ne, iz finanènih razlogov";5
"Moški";"46-55 let";"Nova oblaèila";"2015";"Ne, iz drugih razlogov";1
"Moški";"46-55 let";"Nova oblaèila";"2016";"Da";96
"Moški";"46-55 let";"Nova oblaèila";"2016";"Ne, iz finanènih razlogov";4
"Moški";"46-55 let";"Nova oblaèila";"2016";"Ne, iz drugih razlogov";1
"Moški";"46-55 let";"Nova oblaèila";"2017";"Da";93
"Moški";"46-55 let";"Nova oblaèila";"2017";"Ne, iz finanènih razlogov";6
"Moški";"46-55 let";"Nova oblaèila";"2017";"Ne, iz drugih razlogov";1
"Moški";"46-55 let";"Nova oblaèila";"2018";"Da";94
"Moški";"46-55 let";"Nova oblaèila";"2018";"Ne, iz finanènih razlogov";4
"Moški";"46-55 let";"Nova oblaèila";"2018";"Ne, iz drugih razlogov";2
"Moški";"46-55 let";"Dva para èevljev";"2014";"Da";98
"Moški";"46-55 let";"Dva para èevljev";"2014";"Ne, iz finanènih razlogov";1
"Moški";"46-55 let";"Dva para èevljev";"2014";"Ne, iz drugih razlogov";0
"Moški";"46-55 let";"Dva para èevljev";"2015";"Da";99
"Moški";"46-55 let";"Dva para èevljev";"2015";"Ne, iz finanènih razlogov";1
"Moški";"46-55 let";"Dva para èevljev";"2015";"Ne, iz drugih razlogov";0
"Moški";"46-55 let";"Dva para èevljev";"2016";"Da";99
"Moški";"46-55 let";"Dva para èevljev";"2016";"Ne, iz finanènih razlogov";1
"Moški";"46-55 let";"Dva para èevljev";"2016";"Ne, iz drugih razlogov";0
"Moški";"46-55 let";"Dva para èevljev";"2017";"Da";98
"Moški";"46-55 let";"Dva para èevljev";"2017";"Ne, iz finanènih razlogov";2
"Moški";"46-55 let";"Dva para èevljev";"2017";"Ne, iz drugih razlogov";0
"Moški";"46-55 let";"Dva para èevljev";"2018";"Da";98
"Moški";"46-55 let";"Dva para èevljev";"2018";"Ne, iz finanènih razlogov";1
"Moški";"46-55 let";"Dva para èevljev";"2018";"Ne, iz drugih razlogov";1
"Moški";"46-55 let";"Druženje ob pijaèi, na kosilu/veèerji vsaj enkrat na mesec";"2014";"Da";82
"Moški";"46-55 let";"Druženje ob pijaèi, na kosilu/veèerji vsaj enkrat na mesec";"2014";"Ne, iz finanènih razlogov";11
"Moški";"46-55 let";"Druženje ob pijaèi, na kosilu/veèerji vsaj enkrat na mesec";"2014";"Ne, iz drugih razlogov";7
"Moški";"46-55 let";"Druženje ob pijaèi, na kosilu/veèerji vsaj enkrat na mesec";"2015";"Da";88
"Moški";"46-55 let";"Druženje ob pijaèi, na kosilu/veèerji vsaj enkrat na mesec";"2015";"Ne, iz finanènih razlogov";7
"Moški";"46-55 let";"Druženje ob pijaèi, na kosilu/veèerji vsaj enkrat na mesec";"2015";"Ne, iz drugih razlogov";6
"Moški";"46-55 let";"Druženje ob pijaèi, na kosilu/veèerji vsaj enkrat na mesec";"2016";"Da";91
"Moški";"46-55 let";"Druženje ob pijaèi, na kosilu/veèerji vsaj enkrat na mesec";"2016";"Ne, iz finanènih razlogov";5
"Moški";"46-55 let";"Druženje ob pijaèi, na kosilu/veèerji vsaj enkrat na mesec";"2016";"Ne, iz drugih razlogov";3
"Moški";"46-55 let";"Druženje ob pijaèi, na kosilu/veèerji vsaj enkrat na mesec";"2017";"Da";92
"Moški";"46-55 let";"Druženje ob pijaèi, na kosilu/veèerji vsaj enkrat na mesec";"2017";"Ne, iz finanènih razlogov";4
"Moški";"46-55 let";"Druženje ob pijaèi, na kosilu/veèerji vsaj enkrat na mesec";"2017";"Ne, iz drugih razlogov";4
"Moški";"46-55 let";"Druženje ob pijaèi, na kosilu/veèerji vsaj enkrat na mesec";"2018";"Da";92
"Moški";"46-55 let";"Druženje ob pijaèi, na kosilu/veèerji vsaj enkrat na mesec";"2018";"Ne, iz finanènih razlogov";3
"Moški";"46-55 let";"Druženje ob pijaèi, na kosilu/veèerji vsaj enkrat na mesec";"2018";"Ne, iz drugih razlogov";5
"Moški";"46-55 let";"Plaèljive prostoèasne aktivnosti";"2014";"Da";33
"Moški";"46-55 let";"Plaèljive prostoèasne aktivnosti";"2014";"Ne, iz finanènih razlogov";24
"Moški";"46-55 let";"Plaèljive prostoèasne aktivnosti";"2014";"Ne, iz drugih razlogov";43
"Moški";"46-55 let";"Plaèljive prostoèasne aktivnosti";"2015";"Da";40
"Moški";"46-55 let";"Plaèljive prostoèasne aktivnosti";"2015";"Ne, iz finanènih razlogov";22
"Moški";"46-55 let";"Plaèljive prostoèasne aktivnosti";"2015";"Ne, iz drugih razlogov";38
"Moški";"46-55 let";"Plaèljive prostoèasne aktivnosti";"2016";"Da";49
"Moški";"46-55 let";"Plaèljive prostoèasne aktivnosti";"2016";"Ne, iz finanènih razlogov";19
"Moški";"46-55 let";"Plaèljive prostoèasne aktivnosti";"2016";"Ne, iz drugih razlogov";32
"Moški";"46-55 let";"Plaèljive prostoèasne aktivnosti";"2017";"Da";49
"Moški";"46-55 let";"Plaèljive prostoèasne aktivnosti";"2017";"Ne, iz finanènih razlogov";18
"Moški";"46-55 let";"Plaèljive prostoèasne aktivnosti";"2017";"Ne, iz drugih razlogov";34
"Moški";"46-55 let";"Plaèljive prostoèasne aktivnosti";"2018";"Da";48
"Moški";"46-55 let";"Plaèljive prostoèasne aktivnosti";"2018";"Ne, iz finanènih razlogov";18
"Moški";"46-55 let";"Plaèljive prostoèasne aktivnosti";"2018";"Ne, iz drugih razlogov";34
"Moški";"46-55 let";"Razpolaganje z manjšim zneskom denarja";"2014";"Da";91
"Moški";"46-55 let";"Razpolaganje z manjšim zneskom denarja";"2014";"Ne, iz finanènih razlogov";9
"Moški";"46-55 let";"Razpolaganje z manjšim zneskom denarja";"2014";"Ne, iz drugih razlogov";1
"Moški";"46-55 let";"Razpolaganje z manjšim zneskom denarja";"2015";"Da";93
"Moški";"46-55 let";"Razpolaganje z manjšim zneskom denarja";"2015";"Ne, iz finanènih razlogov";6
"Moški";"46-55 let";"Razpolaganje z manjšim zneskom denarja";"2015";"Ne, iz drugih razlogov";1
"Moški";"46-55 let";"Razpolaganje z manjšim zneskom denarja";"2016";"Da";94
"Moški";"46-55 let";"Razpolaganje z manjšim zneskom denarja";"2016";"Ne, iz finanènih razlogov";5
"Moški";"46-55 let";"Razpolaganje z manjšim zneskom denarja";"2016";"Ne, iz drugih razlogov";1
"Moški";"46-55 let";"Razpolaganje z manjšim zneskom denarja";"2017";"Da";89
"Moški";"46-55 let";"Razpolaganje z manjšim zneskom denarja";"2017";"Ne, iz finanènih razlogov";8
"Moški";"46-55 let";"Razpolaganje z manjšim zneskom denarja";"2017";"Ne, iz drugih razlogov";3
"Moški";"46-55 let";"Razpolaganje z manjšim zneskom denarja";"2018";"Da";89
"Moški";"46-55 let";"Razpolaganje z manjšim zneskom denarja";"2018";"Ne, iz finanènih razlogov";7
"Moški";"46-55 let";"Razpolaganje z manjšim zneskom denarja";"2018";"Ne, iz drugih razlogov";4
"Moški";"46-55 let";"Uporaba interneta doma";"2014";"Da";80
"Moški";"46-55 let";"Uporaba interneta doma";"2014";"Ne, iz finanènih razlogov";3
"Moški";"46-55 let";"Uporaba interneta doma";"2014";"Ne, iz drugih razlogov";16
"Moški";"46-55 let";"Uporaba interneta doma";"2015";"Da";83
"Moški";"46-55 let";"Uporaba interneta doma";"2015";"Ne, iz finanènih razlogov";4
"Moški";"46-55 let";"Uporaba interneta doma";"2015";"Ne, iz drugih razlogov";14
"Moški";"46-55 let";"Uporaba interneta doma";"2016";"Da";87
"Moški";"46-55 let";"Uporaba interneta doma";"2016";"Ne, iz finanènih razlogov";3
"Moški";"46-55 let";"Uporaba interneta doma";"2016";"Ne, iz drugih razlogov";10
"Moški";"46-55 let";"Uporaba interneta doma";"2017";"Da";88
"Moški";"46-55 let";"Uporaba interneta doma";"2017";"Ne, iz finanènih razlogov";3
"Moški";"46-55 let";"Uporaba interneta doma";"2017";"Ne, iz drugih razlogov";9
"Moški";"46-55 let";"Uporaba interneta doma";"2018";"Da";88
"Moški";"46-55 let";"Uporaba interneta doma";"2018";"Ne, iz finanènih razlogov";3
"Moški";"46-55 let";"Uporaba interneta doma";"2018";"Ne, iz drugih razlogov";9
"Moški";"56-65 let";"Nova oblaèila";"2014";"Da";84
"Moški";"56-65 let";"Nova oblaèila";"2014";"Ne, iz finanènih razlogov";14
"Moški";"56-65 let";"Nova oblaèila";"2014";"Ne, iz drugih razlogov";2
"Moški";"56-65 let";"Nova oblaèila";"2015";"Da";92
"Moški";"56-65 let";"Nova oblaèila";"2015";"Ne, iz finanènih razlogov";7
"Moški";"56-65 let";"Nova oblaèila";"2015";"Ne, iz drugih razlogov";1
"Moški";"56-65 let";"Nova oblaèila";"2016";"Da";93
"Moški";"56-65 let";"Nova oblaèila";"2016";"Ne, iz finanènih razlogov";6
"Moški";"56-65 let";"Nova oblaèila";"2016";"Ne, iz drugih razlogov";1
"Moški";"56-65 let";"Nova oblaèila";"2017";"Da";92
"Moški";"56-65 let";"Nova oblaèila";"2017";"Ne, iz finanènih razlogov";8
"Moški";"56-65 let";"Nova oblaèila";"2017";"Ne, iz drugih razlogov";0
"Moški";"56-65 let";"Nova oblaèila";"2018";"Da";94
"Moški";"56-65 let";"Nova oblaèila";"2018";"Ne, iz finanènih razlogov";5
"Moški";"56-65 let";"Nova oblaèila";"2018";"Ne, iz drugih razlogov";1
"Moški";"56-65 let";"Dva para èevljev";"2014";"Da";98
"Moški";"56-65 let";"Dva para èevljev";"2014";"Ne, iz finanènih razlogov";2
"Moški";"56-65 let";"Dva para èevljev";"2014";"Ne, iz drugih razlogov";0
"Moški";"56-65 let";"Dva para èevljev";"2015";"Da";99
"Moški";"56-65 let";"Dva para èevljev";"2015";"Ne, iz finanènih razlogov";1
"Moški";"56-65 let";"Dva para èevljev";"2015";"Ne, iz drugih razlogov";0
"Moški";"56-65 let";"Dva para èevljev";"2016";"Da";99
"Moški";"56-65 let";"Dva para èevljev";"2016";"Ne, iz finanènih razlogov";1
"Moški";"56-65 let";"Dva para èevljev";"2016";"Ne, iz drugih razlogov";0
"Moški";"56-65 let";"Dva para èevljev";"2017";"Da";98
"Moški";"56-65 let";"Dva para èevljev";"2017";"Ne, iz finanènih razlogov";2
"Moški";"56-65 let";"Dva para èevljev";"2017";"Ne, iz drugih razlogov";0
"Moški";"56-65 let";"Dva para èevljev";"2018";"Da";98
"Moški";"56-65 let";"Dva para èevljev";"2018";"Ne, iz finanènih razlogov";1
"Moški";"56-65 let";"Dva para èevljev";"2018";"Ne, iz drugih razlogov";1
"Moški";"56-65 let";"Druženje ob pijaèi, na kosilu/veèerji vsaj enkrat na mesec";"2014";"Da";78
"Moški";"56-65 let";"Druženje ob pijaèi, na kosilu/veèerji vsaj enkrat na mesec";"2014";"Ne, iz finanènih razlogov";13
"Moški";"56-65 let";"Druženje ob pijaèi, na kosilu/veèerji vsaj enkrat na mesec";"2014";"Ne, iz drugih razlogov";10
"Moški";"56-65 let";"Druženje ob pijaèi, na kosilu/veèerji vsaj enkrat na mesec";"2015";"Da";81
"Moški";"56-65 let";"Druženje ob pijaèi, na kosilu/veèerji vsaj enkrat na mesec";"2015";"Ne, iz finanènih razlogov";10
"Moški";"56-65 let";"Druženje ob pijaèi, na kosilu/veèerji vsaj enkrat na mesec";"2015";"Ne, iz drugih razlogov";9
"Moški";"56-65 let";"Druženje ob pijaèi, na kosilu/veèerji vsaj enkrat na mesec";"2016";"Da";89
"Moški";"56-65 let";"Druženje ob pijaèi, na kosilu/veèerji vsaj enkrat na mesec";"2016";"Ne, iz finanènih razlogov";6
"Moški";"56-65 let";"Druženje ob pijaèi, na kosilu/veèerji vsaj enkrat na mesec";"2016";"Ne, iz drugih razlogov";5
"Moški";"56-65 let";"Druženje ob pijaèi, na kosilu/veèerji vsaj enkrat na mesec";"2017";"Da";90
"Moški";"56-65 let";"Druženje ob pijaèi, na kosilu/veèerji vsaj enkrat na mesec";"2017";"Ne, iz finanènih razlogov";5
"Moški";"56-65 let";"Druženje ob pijaèi, na kosilu/veèerji vsaj enkrat na mesec";"2017";"Ne, iz drugih razlogov";5
"Moški";"56-65 let";"Druženje ob pijaèi, na kosilu/veèerji vsaj enkrat na mesec";"2018";"Da";90
"Moški";"56-65 let";"Druženje ob pijaèi, na kosilu/veèerji vsaj enkrat na mesec";"2018";"Ne, iz finanènih razlogov";4
"Moški";"56-65 let";"Druženje ob pijaèi, na kosilu/veèerji vsaj enkrat na mesec";"2018";"Ne, iz drugih razlogov";6
"Moški";"56-65 let";"Plaèljive prostoèasne aktivnosti";"2014";"Da";28
"Moški";"56-65 let";"Plaèljive prostoèasne aktivnosti";"2014";"Ne, iz finanènih razlogov";27
"Moški";"56-65 let";"Plaèljive prostoèasne aktivnosti";"2014";"Ne, iz drugih razlogov";45
"Moški";"56-65 let";"Plaèljive prostoèasne aktivnosti";"2015";"Da";35
"Moški";"56-65 let";"Plaèljive prostoèasne aktivnosti";"2015";"Ne, iz finanènih razlogov";24
"Moški";"56-65 let";"Plaèljive prostoèasne aktivnosti";"2015";"Ne, iz drugih razlogov";41
"Moški";"56-65 let";"Plaèljive prostoèasne aktivnosti";"2016";"Da";42
"Moški";"56-65 let";"Plaèljive prostoèasne aktivnosti";"2016";"Ne, iz finanènih razlogov";22
"Moški";"56-65 let";"Plaèljive prostoèasne aktivnosti";"2016";"Ne, iz drugih razlogov";36
"Moški";"56-65 let";"Plaèljive prostoèasne aktivnosti";"2017";"Da";42
"Moški";"56-65 let";"Plaèljive prostoèasne aktivnosti";"2017";"Ne, iz finanènih razlogov";22
"Moški";"56-65 let";"Plaèljive prostoèasne aktivnosti";"2017";"Ne, iz drugih razlogov";36
"Moški";"56-65 let";"Plaèljive prostoèasne aktivnosti";"2018";"Da";43
"Moški";"56-65 let";"Plaèljive prostoèasne aktivnosti";"2018";"Ne, iz finanènih razlogov";19
"Moški";"56-65 let";"Plaèljive prostoèasne aktivnosti";"2018";"Ne, iz drugih razlogov";38
"Moški";"56-65 let";"Razpolaganje z manjšim zneskom denarja";"2014";"Da";87
"Moški";"56-65 let";"Razpolaganje z manjšim zneskom denarja";"2014";"Ne, iz finanènih razlogov";12
"Moški";"56-65 let";"Razpolaganje z manjšim zneskom denarja";"2014";"Ne, iz drugih razlogov";1
"Moški";"56-65 let";"Razpolaganje z manjšim zneskom denarja";"2015";"Da";91
"Moški";"56-65 let";"Razpolaganje z manjšim zneskom denarja";"2015";"Ne, iz finanènih razlogov";7
"Moški";"56-65 let";"Razpolaganje z manjšim zneskom denarja";"2015";"Ne, iz drugih razlogov";2
"Moški";"56-65 let";"Razpolaganje z manjšim zneskom denarja";"2016";"Da";94
"Moški";"56-65 let";"Razpolaganje z manjšim zneskom denarja";"2016";"Ne, iz finanènih razlogov";5
"Moški";"56-65 let";"Razpolaganje z manjšim zneskom denarja";"2016";"Ne, iz drugih razlogov";1
"Moški";"56-65 let";"Razpolaganje z manjšim zneskom denarja";"2017";"Da";88
"Moški";"56-65 let";"Razpolaganje z manjšim zneskom denarja";"2017";"Ne, iz finanènih razlogov";9
"Moški";"56-65 let";"Razpolaganje z manjšim zneskom denarja";"2017";"Ne, iz drugih razlogov";3
"Moški";"56-65 let";"Razpolaganje z manjšim zneskom denarja";"2018";"Da";88
"Moški";"56-65 let";"Razpolaganje z manjšim zneskom denarja";"2018";"Ne, iz finanènih razlogov";8
"Moški";"56-65 let";"Razpolaganje z manjšim zneskom denarja";"2018";"Ne, iz drugih razlogov";5
"Moški";"56-65 let";"Uporaba interneta doma";"2014";"Da";61
"Moški";"56-65 let";"Uporaba interneta doma";"2014";"Ne, iz finanènih razlogov";7
"Moški";"56-65 let";"Uporaba interneta doma";"2014";"Ne, iz drugih razlogov";32
"Moški";"56-65 let";"Uporaba interneta doma";"2015";"Da";65
"Moški";"56-65 let";"Uporaba interneta doma";"2015";"Ne, iz finanènih razlogov";3
"Moški";"56-65 let";"Uporaba interneta doma";"2015";"Ne, iz drugih razlogov";32
"Moški";"56-65 let";"Uporaba interneta doma";"2016";"Da";68
"Moški";"56-65 let";"Uporaba interneta doma";"2016";"Ne, iz finanènih razlogov";4
"Moški";"56-65 let";"Uporaba interneta doma";"2016";"Ne, iz drugih razlogov";27
"Moški";"56-65 let";"Uporaba interneta doma";"2017";"Da";74
"Moški";"56-65 let";"Uporaba interneta doma";"2017";"Ne, iz finanènih razlogov";4
"Moški";"56-65 let";"Uporaba interneta doma";"2017";"Ne, iz drugih razlogov";22
"Moški";"56-65 let";"Uporaba interneta doma";"2018";"Da";78
"Moški";"56-65 let";"Uporaba interneta doma";"2018";"Ne, iz finanènih razlogov";2
"Moški";"56-65 let";"Uporaba interneta doma";"2018";"Ne, iz drugih razlogov";19
"Moški";" 66 ali veè let";"Nova oblaèila";"2014";"Da";84
"Moški";" 66 ali veè let";"Nova oblaèila";"2014";"Ne, iz finanènih razlogov";10
"Moški";" 66 ali veè let";"Nova oblaèila";"2014";"Ne, iz drugih razlogov";6
"Moški";" 66 ali veè let";"Nova oblaèila";"2015";"Da";93
"Moški";" 66 ali veè let";"Nova oblaèila";"2015";"Ne, iz finanènih razlogov";4
"Moški";" 66 ali veè let";"Nova oblaèila";"2015";"Ne, iz drugih razlogov";3
"Moški";" 66 ali veè let";"Nova oblaèila";"2016";"Da";91
"Moški";" 66 ali veè let";"Nova oblaèila";"2016";"Ne, iz finanènih razlogov";4
"Moški";" 66 ali veè let";"Nova oblaèila";"2016";"Ne, iz drugih razlogov";5
"Moški";" 66 ali veè let";"Nova oblaèila";"2017";"Da";90
"Moški";" 66 ali veè let";"Nova oblaèila";"2017";"Ne, iz finanènih razlogov";7
"Moški";" 66 ali veè let";"Nova oblaèila";"2017";"Ne, iz drugih razlogov";3
"Moški";" 66 ali veè let";"Nova oblaèila";"2018";"Da";89
"Moški";" 66 ali veè let";"Nova oblaèila";"2018";"Ne, iz finanènih razlogov";6
"Moški";" 66 ali veè let";"Nova oblaèila";"2018";"Ne, iz drugih razlogov";5
"Moški";" 66 ali veè let";"Dva para èevljev";"2014";"Da";99
"Moški";" 66 ali veè let";"Dva para èevljev";"2014";"Ne, iz finanènih razlogov";1
"Moški";" 66 ali veè let";"Dva para èevljev";"2014";"Ne, iz drugih razlogov";0
"Moški";" 66 ali veè let";"Dva para èevljev";"2015";"Da";99
"Moški";" 66 ali veè let";"Dva para èevljev";"2015";"Ne, iz finanènih razlogov";1
"Moški";" 66 ali veè let";"Dva para èevljev";"2015";"Ne, iz drugih razlogov";0
"Moški";" 66 ali veè let";"Dva para èevljev";"2016";"Da";99
"Moški";" 66 ali veè let";"Dva para èevljev";"2016";"Ne, iz finanènih razlogov";1
"Moški";" 66 ali veè let";"Dva para èevljev";"2016";"Ne, iz drugih razlogov";0
"Moški";" 66 ali veè let";"Dva para èevljev";"2017";"Da";99
"Moški";" 66 ali veè let";"Dva para èevljev";"2017";"Ne, iz finanènih razlogov";1
"Moški";" 66 ali veè let";"Dva para èevljev";"2017";"Ne, iz drugih razlogov";0
"Moški";" 66 ali veè let";"Dva para èevljev";"2018";"Da";98
"Moški";" 66 ali veè let";"Dva para èevljev";"2018";"Ne, iz finanènih razlogov";1
"Moški";" 66 ali veè let";"Dva para èevljev";"2018";"Ne, iz drugih razlogov";0
"Moški";" 66 ali veè let";"Druženje ob pijaèi, na kosilu/veèerji vsaj enkrat na mesec";"2014";"Da";74
"Moški";" 66 ali veè let";"Druženje ob pijaèi, na kosilu/veèerji vsaj enkrat na mesec";"2014";"Ne, iz finanènih razlogov";10
"Moški";" 66 ali veè let";"Druženje ob pijaèi, na kosilu/veèerji vsaj enkrat na mesec";"2014";"Ne, iz drugih razlogov";16
"Moški";" 66 ali veè let";"Druženje ob pijaèi, na kosilu/veèerji vsaj enkrat na mesec";"2015";"Da";81
"Moški";" 66 ali veè let";"Druženje ob pijaèi, na kosilu/veèerji vsaj enkrat na mesec";"2015";"Ne, iz finanènih razlogov";6
"Moški";" 66 ali veè let";"Druženje ob pijaèi, na kosilu/veèerji vsaj enkrat na mesec";"2015";"Ne, iz drugih razlogov";14
"Moški";" 66 ali veè let";"Druženje ob pijaèi, na kosilu/veèerji vsaj enkrat na mesec";"2016";"Da";86
"Moški";" 66 ali veè let";"Druženje ob pijaèi, na kosilu/veèerji vsaj enkrat na mesec";"2016";"Ne, iz finanènih razlogov";4
"Moški";" 66 ali veè let";"Druženje ob pijaèi, na kosilu/veèerji vsaj enkrat na mesec";"2016";"Ne, iz drugih razlogov";10
"Moški";" 66 ali veè let";"Druženje ob pijaèi, na kosilu/veèerji vsaj enkrat na mesec";"2017";"Da";87
"Moški";" 66 ali veè let";"Druženje ob pijaèi, na kosilu/veèerji vsaj enkrat na mesec";"2017";"Ne, iz finanènih razlogov";4
"Moški";" 66 ali veè let";"Druženje ob pijaèi, na kosilu/veèerji vsaj enkrat na mesec";"2017";"Ne, iz drugih razlogov";9
"Moški";" 66 ali veè let";"Druženje ob pijaèi, na kosilu/veèerji vsaj enkrat na mesec";"2018";"Da";87
"Moški";" 66 ali veè let";"Druženje ob pijaèi, na kosilu/veèerji vsaj enkrat na mesec";"2018";"Ne, iz finanènih razlogov";4
"Moški";" 66 ali veè let";"Druženje ob pijaèi, na kosilu/veèerji vsaj enkrat na mesec";"2018";"Ne, iz drugih razlogov";9
"Moški";" 66 ali veè let";"Plaèljive prostoèasne aktivnosti";"2014";"Da";26
"Moški";" 66 ali veè let";"Plaèljive prostoèasne aktivnosti";"2014";"Ne, iz finanènih razlogov";16
"Moški";" 66 ali veè let";"Plaèljive prostoèasne aktivnosti";"2014";"Ne, iz drugih razlogov";58
"Moški";" 66 ali veè let";"Plaèljive prostoèasne aktivnosti";"2015";"Da";32
"Moški";" 66 ali veè let";"Plaèljive prostoèasne aktivnosti";"2015";"Ne, iz finanènih razlogov";14
"Moški";" 66 ali veè let";"Plaèljive prostoèasne aktivnosti";"2015";"Ne, iz drugih razlogov";54
"Moški";" 66 ali veè let";"Plaèljive prostoèasne aktivnosti";"2016";"Da";38
"Moški";" 66 ali veè let";"Plaèljive prostoèasne aktivnosti";"2016";"Ne, iz finanènih razlogov";12
"Moški";" 66 ali veè let";"Plaèljive prostoèasne aktivnosti";"2016";"Ne, iz drugih razlogov";50
"Moški";" 66 ali veè let";"Plaèljive prostoèasne aktivnosti";"2017";"Da";38
"Moški";" 66 ali veè let";"Plaèljive prostoèasne aktivnosti";"2017";"Ne, iz finanènih razlogov";13
"Moški";" 66 ali veè let";"Plaèljive prostoèasne aktivnosti";"2017";"Ne, iz drugih razlogov";49
"Moški";" 66 ali veè let";"Plaèljive prostoèasne aktivnosti";"2018";"Da";40
"Moški";" 66 ali veè let";"Plaèljive prostoèasne aktivnosti";"2018";"Ne, iz finanènih razlogov";13
"Moški";" 66 ali veè let";"Plaèljive prostoèasne aktivnosti";"2018";"Ne, iz drugih razlogov";47
"Moški";" 66 ali veè let";"Razpolaganje z manjšim zneskom denarja";"2014";"Da";89
"Moški";" 66 ali veè let";"Razpolaganje z manjšim zneskom denarja";"2014";"Ne, iz finanènih razlogov";9
"Moški";" 66 ali veè let";"Razpolaganje z manjšim zneskom denarja";"2014";"Ne, iz drugih razlogov";3
"Moški";" 66 ali veè let";"Razpolaganje z manjšim zneskom denarja";"2015";"Da";93
"Moški";" 66 ali veè let";"Razpolaganje z manjšim zneskom denarja";"2015";"Ne, iz finanènih razlogov";4
"Moški";" 66 ali veè let";"Razpolaganje z manjšim zneskom denarja";"2015";"Ne, iz drugih razlogov";3
"Moški";" 66 ali veè let";"Razpolaganje z manjšim zneskom denarja";"2016";"Da";94
"Moški";" 66 ali veè let";"Razpolaganje z manjšim zneskom denarja";"2016";"Ne, iz finanènih razlogov";4
"Moški";" 66 ali veè let";"Razpolaganje z manjšim zneskom denarja";"2016";"Ne, iz drugih razlogov";2
"Moški";" 66 ali veè let";"Razpolaganje z manjšim zneskom denarja";"2017";"Da";88
"Moški";" 66 ali veè let";"Razpolaganje z manjšim zneskom denarja";"2017";"Ne, iz finanènih razlogov";6
"Moški";" 66 ali veè let";"Razpolaganje z manjšim zneskom denarja";"2017";"Ne, iz drugih razlogov";5
"Moški";" 66 ali veè let";"Razpolaganje z manjšim zneskom denarja";"2018";"Da";87
"Moški";" 66 ali veè let";"Razpolaganje z manjšim zneskom denarja";"2018";"Ne, iz finanènih razlogov";6
"Moški";" 66 ali veè let";"Razpolaganje z manjšim zneskom denarja";"2018";"Ne, iz drugih razlogov";7
"Moški";" 66 ali veè let";"Uporaba interneta doma";"2014";"Da";35
"Moški";" 66 ali veè let";"Uporaba interneta doma";"2014";"Ne, iz finanènih razlogov";5
"Moški";" 66 ali veè let";"Uporaba interneta doma";"2014";"Ne, iz drugih razlogov";60
"Moški";" 66 ali veè let";"Uporaba interneta doma";"2015";"Da";43
"Moški";" 66 ali veè let";"Uporaba interneta doma";"2015";"Ne, iz finanènih razlogov";3
"Moški";" 66 ali veè let";"Uporaba interneta doma";"2015";"Ne, iz drugih razlogov";54
"Moški";" 66 ali veè let";"Uporaba interneta doma";"2016";"Da";45
"Moški";" 66 ali veè let";"Uporaba interneta doma";"2016";"Ne, iz finanènih razlogov";3
"Moški";" 66 ali veè let";"Uporaba interneta doma";"2016";"Ne, iz drugih razlogov";52
"Moški";" 66 ali veè let";"Uporaba interneta doma";"2017";"Da";51
"Moški";" 66 ali veè let";"Uporaba interneta doma";"2017";"Ne, iz finanènih razlogov";3
"Moški";" 66 ali veè let";"Uporaba interneta doma";"2017";"Ne, iz drugih razlogov";46
"Moški";" 66 ali veè let";"Uporaba interneta doma";"2018";"Da";52
"Moški";" 66 ali veè let";"Uporaba interneta doma";"2018";"Ne, iz finanènih razlogov";2
"Moški";" 66 ali veè let";"Uporaba interneta doma";"2018";"Ne, iz drugih razlogov";46
"Ženske";"16-25 let";"Nova oblaèila";"2014";"Da";91
"Ženske";"16-25 let";"Nova oblaèila";"2014";"Ne, iz finanènih razlogov";8
"Ženske";"16-25 let";"Nova oblaèila";"2014";"Ne, iz drugih razlogov";1
"Ženske";"16-25 let";"Nova oblaèila";"2015";"Da";95
"Ženske";"16-25 let";"Nova oblaèila";"2015";"Ne, iz finanènih razlogov";4
"Ženske";"16-25 let";"Nova oblaèila";"2015";"Ne, iz drugih razlogov";0
"Ženske";"16-25 let";"Nova oblaèila";"2016";"Da";97
"Ženske";"16-25 let";"Nova oblaèila";"2016";"Ne, iz finanènih razlogov";3
"Ženske";"16-25 let";"Nova oblaèila";"2016";"Ne, iz drugih razlogov";0
"Ženske";"16-25 let";"Nova oblaèila";"2017";"Da";96
"Ženske";"16-25 let";"Nova oblaèila";"2017";"Ne, iz finanènih razlogov";3
"Ženske";"16-25 let";"Nova oblaèila";"2017";"Ne, iz drugih razlogov";0
"Ženske";"16-25 let";"Nova oblaèila";"2018";"Da";98
"Ženske";"16-25 let";"Nova oblaèila";"2018";"Ne, iz finanènih razlogov";2
"Ženske";"16-25 let";"Nova oblaèila";"2018";"Ne, iz drugih razlogov";0
"Ženske";"16-25 let";"Dva para èevljev";"2014";"Da";99
"Ženske";"16-25 let";"Dva para èevljev";"2014";"Ne, iz finanènih razlogov";1
"Ženske";"16-25 let";"Dva para èevljev";"2014";"Ne, iz drugih razlogov";0
"Ženske";"16-25 let";"Dva para èevljev";"2015";"Da";99
"Ženske";"16-25 let";"Dva para èevljev";"2015";"Ne, iz finanènih razlogov";1
"Ženske";"16-25 let";"Dva para èevljev";"2015";"Ne, iz drugih razlogov";0
"Ženske";"16-25 let";"Dva para èevljev";"2016";"Da";100
"Ženske";"16-25 let";"Dva para èevljev";"2016";"Ne, iz finanènih razlogov";0
"Ženske";"16-25 let";"Dva para èevljev";"2016";"Ne, iz drugih razlogov";0
"Ženske";"16-25 let";"Dva para èevljev";"2017";"Da";99
"Ženske";"16-25 let";"Dva para èevljev";"2017";"Ne, iz finanènih razlogov";1
"Ženske";"16-25 let";"Dva para èevljev";"2017";"Ne, iz drugih razlogov";0
"Ženske";"16-25 let";"Dva para èevljev";"2018";"Da";100
"Ženske";"16-25 let";"Dva para èevljev";"2018";"Ne, iz finanènih razlogov";0
"Ženske";"16-25 let";"Dva para èevljev";"2018";"Ne, iz drugih razlogov";0
"Ženske";"16-25 let";"Druženje ob pijaèi, na kosilu/veèerji vsaj enkrat na mesec";"2014";"Da";90
"Ženske";"16-25 let";"Druženje ob pijaèi, na kosilu/veèerji vsaj enkrat na mesec";"2014";"Ne, iz finanènih razlogov";7
"Ženske";"16-25 let";"Druženje ob pijaèi, na kosilu/veèerji vsaj enkrat na mesec";"2014";"Ne, iz drugih razlogov";3
"Ženske";"16-25 let";"Druženje ob pijaèi, na kosilu/veèerji vsaj enkrat na mesec";"2015";"Da";91
"Ženske";"16-25 let";"Druženje ob pijaèi, na kosilu/veèerji vsaj enkrat na mesec";"2015";"Ne, iz finanènih razlogov";6
"Ženske";"16-25 let";"Druženje ob pijaèi, na kosilu/veèerji vsaj enkrat na mesec";"2015";"Ne, iz drugih razlogov";3
"Ženske";"16-25 let";"Druženje ob pijaèi, na kosilu/veèerji vsaj enkrat na mesec";"2016";"Da";93
"Ženske";"16-25 let";"Druženje ob pijaèi, na kosilu/veèerji vsaj enkrat na mesec";"2016";"Ne, iz finanènih razlogov";5
"Ženske";"16-25 let";"Druženje ob pijaèi, na kosilu/veèerji vsaj enkrat na mesec";"2016";"Ne, iz drugih razlogov";2
"Ženske";"16-25 let";"Druženje ob pijaèi, na kosilu/veèerji vsaj enkrat na mesec";"2017";"Da";95
"Ženske";"16-25 let";"Druženje ob pijaèi, na kosilu/veèerji vsaj enkrat na mesec";"2017";"Ne, iz finanènih razlogov";3
"Ženske";"16-25 let";"Druženje ob pijaèi, na kosilu/veèerji vsaj enkrat na mesec";"2017";"Ne, iz drugih razlogov";2
"Ženske";"16-25 let";"Druženje ob pijaèi, na kosilu/veèerji vsaj enkrat na mesec";"2018";"Da";96
"Ženske";"16-25 let";"Druženje ob pijaèi, na kosilu/veèerji vsaj enkrat na mesec";"2018";"Ne, iz finanènih razlogov";3
"Ženske";"16-25 let";"Druženje ob pijaèi, na kosilu/veèerji vsaj enkrat na mesec";"2018";"Ne, iz drugih razlogov";2
"Ženske";"16-25 let";"Plaèljive prostoèasne aktivnosti";"2014";"Da";51
"Ženske";"16-25 let";"Plaèljive prostoèasne aktivnosti";"2014";"Ne, iz finanènih razlogov";22
"Ženske";"16-25 let";"Plaèljive prostoèasne aktivnosti";"2014";"Ne, iz drugih razlogov";28
"Ženske";"16-25 let";"Plaèljive prostoèasne aktivnosti";"2015";"Da";63
"Ženske";"16-25 let";"Plaèljive prostoèasne aktivnosti";"2015";"Ne, iz finanènih razlogov";19
"Ženske";"16-25 let";"Plaèljive prostoèasne aktivnosti";"2015";"Ne, iz drugih razlogov";18
"Ženske";"16-25 let";"Plaèljive prostoèasne aktivnosti";"2016";"Da";70
"Ženske";"16-25 let";"Plaèljive prostoèasne aktivnosti";"2016";"Ne, iz finanènih razlogov";13
"Ženske";"16-25 let";"Plaèljive prostoèasne aktivnosti";"2016";"Ne, iz drugih razlogov";17
"Ženske";"16-25 let";"Plaèljive prostoèasne aktivnosti";"2017";"Da";71
"Ženske";"16-25 let";"Plaèljive prostoèasne aktivnosti";"2017";"Ne, iz finanènih razlogov";12
"Ženske";"16-25 let";"Plaèljive prostoèasne aktivnosti";"2017";"Ne, iz drugih razlogov";17
"Ženske";"16-25 let";"Plaèljive prostoèasne aktivnosti";"2018";"Da";72
"Ženske";"16-25 let";"Plaèljive prostoèasne aktivnosti";"2018";"Ne, iz finanènih razlogov";10
"Ženske";"16-25 let";"Plaèljive prostoèasne aktivnosti";"2018";"Ne, iz drugih razlogov";18
"Ženske";"16-25 let";"Razpolaganje z manjšim zneskom denarja";"2014";"Da";88
"Ženske";"16-25 let";"Razpolaganje z manjšim zneskom denarja";"2014";"Ne, iz finanènih razlogov";11
"Ženske";"16-25 let";"Razpolaganje z manjšim zneskom denarja";"2014";"Ne, iz drugih razlogov";2
"Ženske";"16-25 let";"Razpolaganje z manjšim zneskom denarja";"2015";"Da";91
"Ženske";"16-25 let";"Razpolaganje z manjšim zneskom denarja";"2015";"Ne, iz finanènih razlogov";7
"Ženske";"16-25 let";"Razpolaganje z manjšim zneskom denarja";"2015";"Ne, iz drugih razlogov";2
"Ženske";"16-25 let";"Razpolaganje z manjšim zneskom denarja";"2016";"Da";93
"Ženske";"16-25 let";"Razpolaganje z manjšim zneskom denarja";"2016";"Ne, iz finanènih razlogov";7
"Ženske";"16-25 let";"Razpolaganje z manjšim zneskom denarja";"2016";"Ne, iz drugih razlogov";1
"Ženske";"16-25 let";"Razpolaganje z manjšim zneskom denarja";"2017";"Da";93
"Ženske";"16-25 let";"Razpolaganje z manjšim zneskom denarja";"2017";"Ne, iz finanènih razlogov";6
"Ženske";"16-25 let";"Razpolaganje z manjšim zneskom denarja";"2017";"Ne, iz drugih razlogov";1
"Ženske";"16-25 let";"Razpolaganje z manjšim zneskom denarja";"2018";"Da";93
"Ženske";"16-25 let";"Razpolaganje z manjšim zneskom denarja";"2018";"Ne, iz finanènih razlogov";6
"Ženske";"16-25 let";"Razpolaganje z manjšim zneskom denarja";"2018";"Ne, iz drugih razlogov";1
"Ženske";"16-25 let";"Uporaba interneta doma";"2014";"Da";97
"Ženske";"16-25 let";"Uporaba interneta doma";"2014";"Ne, iz finanènih razlogov";2
"Ženske";"16-25 let";"Uporaba interneta doma";"2014";"Ne, iz drugih razlogov";1
"Ženske";"16-25 let";"Uporaba interneta doma";"2015";"Da";97
"Ženske";"16-25 let";"Uporaba interneta doma";"2015";"Ne, iz finanènih razlogov";1
"Ženske";"16-25 let";"Uporaba interneta doma";"2015";"Ne, iz drugih razlogov";1
"Ženske";"16-25 let";"Uporaba interneta doma";"2016";"Da";98
"Ženske";"16-25 let";"Uporaba interneta doma";"2016";"Ne, iz finanènih razlogov";1
"Ženske";"16-25 let";"Uporaba interneta doma";"2016";"Ne, iz drugih razlogov";1
"Ženske";"16-25 let";"Uporaba interneta doma";"2017";"Da";99
"Ženske";"16-25 let";"Uporaba interneta doma";"2017";"Ne, iz finanènih razlogov";1
"Ženske";"16-25 let";"Uporaba interneta doma";"2017";"Ne, iz drugih razlogov";1
"Ženske";"16-25 let";"Uporaba interneta doma";"2018";"Da";99
"Ženske";"16-25 let";"Uporaba interneta doma";"2018";"Ne, iz finanènih razlogov";0
"Ženske";"16-25 let";"Uporaba interneta doma";"2018";"Ne, iz drugih razlogov";0
"Ženske";"26-35 let";"Nova oblaèila";"2014";"Da";92
"Ženske";"26-35 let";"Nova oblaèila";"2014";"Ne, iz finanènih razlogov";7
"Ženske";"26-35 let";"Nova oblaèila";"2014";"Ne, iz drugih razlogov";1
"Ženske";"26-35 let";"Nova oblaèila";"2015";"Da";95
"Ženske";"26-35 let";"Nova oblaèila";"2015";"Ne, iz finanènih razlogov";5
"Ženske";"26-35 let";"Nova oblaèila";"2015";"Ne, iz drugih razlogov";0
"Ženske";"26-35 let";"Nova oblaèila";"2016";"Da";97
"Ženske";"26-35 let";"Nova oblaèila";"2016";"Ne, iz finanènih razlogov";3
"Ženske";"26-35 let";"Nova oblaèila";"2016";"Ne, iz drugih razlogov";0
"Ženske";"26-35 let";"Nova oblaèila";"2017";"Da";96
"Ženske";"26-35 let";"Nova oblaèila";"2017";"Ne, iz finanènih razlogov";3
"Ženske";"26-35 let";"Nova oblaèila";"2017";"Ne, iz drugih razlogov";0
"Ženske";"26-35 let";"Nova oblaèila";"2018";"Da";98
"Ženske";"26-35 let";"Nova oblaèila";"2018";"Ne, iz finanènih razlogov";2
"Ženske";"26-35 let";"Nova oblaèila";"2018";"Ne, iz drugih razlogov";0
"Ženske";"26-35 let";"Dva para èevljev";"2014";"Da";99
"Ženske";"26-35 let";"Dva para èevljev";"2014";"Ne, iz finanènih razlogov";1
"Ženske";"26-35 let";"Dva para èevljev";"2014";"Ne, iz drugih razlogov";0
"Ženske";"26-35 let";"Dva para èevljev";"2015";"Da";99
"Ženske";"26-35 let";"Dva para èevljev";"2015";"Ne, iz finanènih razlogov";1
"Ženske";"26-35 let";"Dva para èevljev";"2015";"Ne, iz drugih razlogov";0
"Ženske";"26-35 let";"Dva para èevljev";"2016";"Da";100
"Ženske";"26-35 let";"Dva para èevljev";"2016";"Ne, iz finanènih razlogov";0
"Ženske";"26-35 let";"Dva para èevljev";"2016";"Ne, iz drugih razlogov";0
"Ženske";"26-35 let";"Dva para èevljev";"2017";"Da";99
"Ženske";"26-35 let";"Dva para èevljev";"2017";"Ne, iz finanènih razlogov";1
"Ženske";"26-35 let";"Dva para èevljev";"2017";"Ne, iz drugih razlogov";0
"Ženske";"26-35 let";"Dva para èevljev";"2018";"Da";100
"Ženske";"26-35 let";"Dva para èevljev";"2018";"Ne, iz finanènih razlogov";0
"Ženske";"26-35 let";"Dva para èevljev";"2018";"Ne, iz drugih razlogov";0
"Ženske";"26-35 let";"Druženje ob pijaèi, na kosilu/veèerji vsaj enkrat na mesec";"2014";"Da";90
"Ženske";"26-35 let";"Druženje ob pijaèi, na kosilu/veèerji vsaj enkrat na mesec";"2014";"Ne, iz finanènih razlogov";7
"Ženske";"26-35 let";"Druženje ob pijaèi, na kosilu/veèerji vsaj enkrat na mesec";"2014";"Ne, iz drugih razlogov";3
"Ženske";"26-35 let";"Druženje ob pijaèi, na kosilu/veèerji vsaj enkrat na mesec";"2015";"Da";91
"Ženske";"26-35 let";"Druženje ob pijaèi, na kosilu/veèerji vsaj enkrat na mesec";"2015";"Ne, iz finanènih razlogov";6
"Ženske";"26-35 let";"Druženje ob pijaèi, na kosilu/veèerji vsaj enkrat na mesec";"2015";"Ne, iz drugih razlogov";3
"Ženske";"26-35 let";"Druženje ob pijaèi, na kosilu/veèerji vsaj enkrat na mesec";"2016";"Da";94
"Ženske";"26-35 let";"Druženje ob pijaèi, na kosilu/veèerji vsaj enkrat na mesec";"2016";"Ne, iz finanènih razlogov";4
"Ženske";"26-35 let";"Druženje ob pijaèi, na kosilu/veèerji vsaj enkrat na mesec";"2016";"Ne, iz drugih razlogov";3
"Ženske";"26-35 let";"Druženje ob pijaèi, na kosilu/veèerji vsaj enkrat na mesec";"2017";"Da";95
"Ženske";"26-35 let";"Druženje ob pijaèi, na kosilu/veèerji vsaj enkrat na mesec";"2017";"Ne, iz finanènih razlogov";3
"Ženske";"26-35 let";"Druženje ob pijaèi, na kosilu/veèerji vsaj enkrat na mesec";"2017";"Ne, iz drugih razlogov";2
"Ženske";"26-35 let";"Druženje ob pijaèi, na kosilu/veèerji vsaj enkrat na mesec";"2018";"Da";96
"Ženske";"26-35 let";"Druženje ob pijaèi, na kosilu/veèerji vsaj enkrat na mesec";"2018";"Ne, iz finanènih razlogov";2
"Ženske";"26-35 let";"Druženje ob pijaèi, na kosilu/veèerji vsaj enkrat na mesec";"2018";"Ne, iz drugih razlogov";2
"Ženske";"26-35 let";"Plaèljive prostoèasne aktivnosti";"2014";"Da";41
"Ženske";"26-35 let";"Plaèljive prostoèasne aktivnosti";"2014";"Ne, iz finanènih razlogov";22
"Ženske";"26-35 let";"Plaèljive prostoèasne aktivnosti";"2014";"Ne, iz drugih razlogov";37
"Ženske";"26-35 let";"Plaèljive prostoèasne aktivnosti";"2015";"Da";52
"Ženske";"26-35 let";"Plaèljive prostoèasne aktivnosti";"2015";"Ne, iz finanènih razlogov";19
"Ženske";"26-35 let";"Plaèljive prostoèasne aktivnosti";"2015";"Ne, iz drugih razlogov";29
"Ženske";"26-35 let";"Plaèljive prostoèasne aktivnosti";"2016";"Da";62
"Ženske";"26-35 let";"Plaèljive prostoèasne aktivnosti";"2016";"Ne, iz finanènih razlogov";16
"Ženske";"26-35 let";"Plaèljive prostoèasne aktivnosti";"2016";"Ne, iz drugih razlogov";22
"Ženske";"26-35 let";"Plaèljive prostoèasne aktivnosti";"2017";"Da";59
"Ženske";"26-35 let";"Plaèljive prostoèasne aktivnosti";"2017";"Ne, iz finanènih razlogov";16
"Ženske";"26-35 let";"Plaèljive prostoèasne aktivnosti";"2017";"Ne, iz drugih razlogov";25
"Ženske";"26-35 let";"Plaèljive prostoèasne aktivnosti";"2018";"Da";59
"Ženske";"26-35 let";"Plaèljive prostoèasne aktivnosti";"2018";"Ne, iz finanènih razlogov";12
"Ženske";"26-35 let";"Plaèljive prostoèasne aktivnosti";"2018";"Ne, iz drugih razlogov";29
"Ženske";"26-35 let";"Razpolaganje z manjšim zneskom denarja";"2014";"Da";90
"Ženske";"26-35 let";"Razpolaganje z manjšim zneskom denarja";"2014";"Ne, iz finanènih razlogov";9
"Ženske";"26-35 let";"Razpolaganje z manjšim zneskom denarja";"2014";"Ne, iz drugih razlogov";1
"Ženske";"26-35 let";"Razpolaganje z manjšim zneskom denarja";"2015";"Da";94
"Ženske";"26-35 let";"Razpolaganje z manjšim zneskom denarja";"2015";"Ne, iz finanènih razlogov";5
"Ženske";"26-35 let";"Razpolaganje z manjšim zneskom denarja";"2015";"Ne, iz drugih razlogov";1
"Ženske";"26-35 let";"Razpolaganje z manjšim zneskom denarja";"2016";"Da";95
"Ženske";"26-35 let";"Razpolaganje z manjšim zneskom denarja";"2016";"Ne, iz finanènih razlogov";4
"Ženske";"26-35 let";"Razpolaganje z manjšim zneskom denarja";"2016";"Ne, iz drugih razlogov";1
"Ženske";"26-35 let";"Razpolaganje z manjšim zneskom denarja";"2017";"Da";92
"Ženske";"26-35 let";"Razpolaganje z manjšim zneskom denarja";"2017";"Ne, iz finanènih razlogov";6
"Ženske";"26-35 let";"Razpolaganje z manjšim zneskom denarja";"2017";"Ne, iz drugih razlogov";3
"Ženske";"26-35 let";"Razpolaganje z manjšim zneskom denarja";"2018";"Da";92
"Ženske";"26-35 let";"Razpolaganje z manjšim zneskom denarja";"2018";"Ne, iz finanènih razlogov";4
"Ženske";"26-35 let";"Razpolaganje z manjšim zneskom denarja";"2018";"Ne, iz drugih razlogov";4
"Ženske";"26-35 let";"Uporaba interneta doma";"2014";"Da";95
"Ženske";"26-35 let";"Uporaba interneta doma";"2014";"Ne, iz finanènih razlogov";1
"Ženske";"26-35 let";"Uporaba interneta doma";"2014";"Ne, iz drugih razlogov";3
"Ženske";"26-35 let";"Uporaba interneta doma";"2015";"Da";96
"Ženske";"26-35 let";"Uporaba interneta doma";"2015";"Ne, iz finanènih razlogov";1
"Ženske";"26-35 let";"Uporaba interneta doma";"2015";"Ne, iz drugih razlogov";3
"Ženske";"26-35 let";"Uporaba interneta doma";"2016";"Da";98
"Ženske";"26-35 let";"Uporaba interneta doma";"2016";"Ne, iz finanènih razlogov";0
"Ženske";"26-35 let";"Uporaba interneta doma";"2016";"Ne, iz drugih razlogov";2
"Ženske";"26-35 let";"Uporaba interneta doma";"2017";"Da";98
"Ženske";"26-35 let";"Uporaba interneta doma";"2017";"Ne, iz finanènih razlogov";1
"Ženske";"26-35 let";"Uporaba interneta doma";"2017";"Ne, iz drugih razlogov";1
"Ženske";"26-35 let";"Uporaba interneta doma";"2018";"Da";99
"Ženske";"26-35 let";"Uporaba interneta doma";"2018";"Ne, iz finanènih razlogov";1
"Ženske";"26-35 let";"Uporaba interneta doma";"2018";"Ne, iz drugih razlogov";0
"Ženske";"36-45 let";"Nova oblaèila";"2014";"Da";92
"Ženske";"36-45 let";"Nova oblaèila";"2014";"Ne, iz finanènih razlogov";8
"Ženske";"36-45 let";"Nova oblaèila";"2014";"Ne, iz drugih razlogov";1
"Ženske";"36-45 let";"Nova oblaèila";"2015";"Da";96
"Ženske";"36-45 let";"Nova oblaèila";"2015";"Ne, iz finanènih razlogov";3
"Ženske";"36-45 let";"Nova oblaèila";"2015";"Ne, iz drugih razlogov";0
"Ženske";"36-45 let";"Nova oblaèila";"2016";"Da";96
"Ženske";"36-45 let";"Nova oblaèila";"2016";"Ne, iz finanènih razlogov";4
"Ženske";"36-45 let";"Nova oblaèila";"2016";"Ne, iz drugih razlogov";0
"Ženske";"36-45 let";"Nova oblaèila";"2017";"Da";95
"Ženske";"36-45 let";"Nova oblaèila";"2017";"Ne, iz finanènih razlogov";4
"Ženske";"36-45 let";"Nova oblaèila";"2017";"Ne, iz drugih razlogov";0
"Ženske";"36-45 let";"Nova oblaèila";"2018";"Da";96
"Ženske";"36-45 let";"Nova oblaèila";"2018";"Ne, iz finanènih razlogov";3
"Ženske";"36-45 let";"Nova oblaèila";"2018";"Ne, iz drugih razlogov";1
"Ženske";"36-45 let";"Dva para èevljev";"2014";"Da";100
"Ženske";"36-45 let";"Dva para èevljev";"2014";"Ne, iz finanènih razlogov";0
"Ženske";"36-45 let";"Dva para èevljev";"2014";"Ne, iz drugih razlogov";0
"Ženske";"36-45 let";"Dva para èevljev";"2015";"Da";99
"Ženske";"36-45 let";"Dva para èevljev";"2015";"Ne, iz finanènih razlogov";0
"Ženske";"36-45 let";"Dva para èevljev";"2015";"Ne, iz drugih razlogov";0
"Ženske";"36-45 let";"Dva para èevljev";"2016";"Da";100
"Ženske";"36-45 let";"Dva para èevljev";"2016";"Ne, iz finanènih razlogov";0
"Ženske";"36-45 let";"Dva para èevljev";"2016";"Ne, iz drugih razlogov";0
"Ženske";"36-45 let";"Dva para èevljev";"2017";"Da";99
"Ženske";"36-45 let";"Dva para èevljev";"2017";"Ne, iz finanènih razlogov";1
"Ženske";"36-45 let";"Dva para èevljev";"2017";"Ne, iz drugih razlogov";0
"Ženske";"36-45 let";"Dva para èevljev";"2018";"Da";99
"Ženske";"36-45 let";"Dva para èevljev";"2018";"Ne, iz finanènih razlogov";1
"Ženske";"36-45 let";"Dva para èevljev";"2018";"Ne, iz drugih razlogov";0
"Ženske";"36-45 let";"Druženje ob pijaèi, na kosilu/veèerji vsaj enkrat na mesec";"2014";"Da";87
"Ženske";"36-45 let";"Druženje ob pijaèi, na kosilu/veèerji vsaj enkrat na mesec";"2014";"Ne, iz finanènih razlogov";7
"Ženske";"36-45 let";"Druženje ob pijaèi, na kosilu/veèerji vsaj enkrat na mesec";"2014";"Ne, iz drugih razlogov";6
"Ženske";"36-45 let";"Druženje ob pijaèi, na kosilu/veèerji vsaj enkrat na mesec";"2015";"Da";90
"Ženske";"36-45 let";"Druženje ob pijaèi, na kosilu/veèerji vsaj enkrat na mesec";"2015";"Ne, iz finanènih razlogov";5
"Ženske";"36-45 let";"Druženje ob pijaèi, na kosilu/veèerji vsaj enkrat na mesec";"2015";"Ne, iz drugih razlogov";5
"Ženske";"36-45 let";"Druženje ob pijaèi, na kosilu/veèerji vsaj enkrat na mesec";"2016";"Da";93
"Ženske";"36-45 let";"Druženje ob pijaèi, na kosilu/veèerji vsaj enkrat na mesec";"2016";"Ne, iz finanènih razlogov";4
"Ženske";"36-45 let";"Druženje ob pijaèi, na kosilu/veèerji vsaj enkrat na mesec";"2016";"Ne, iz drugih razlogov";4
"Ženske";"36-45 let";"Druženje ob pijaèi, na kosilu/veèerji vsaj enkrat na mesec";"2017";"Da";95
"Ženske";"36-45 let";"Druženje ob pijaèi, na kosilu/veèerji vsaj enkrat na mesec";"2017";"Ne, iz finanènih razlogov";3
"Ženske";"36-45 let";"Druženje ob pijaèi, na kosilu/veèerji vsaj enkrat na mesec";"2017";"Ne, iz drugih razlogov";2
"Ženske";"36-45 let";"Druženje ob pijaèi, na kosilu/veèerji vsaj enkrat na mesec";"2018";"Da";95
"Ženske";"36-45 let";"Druženje ob pijaèi, na kosilu/veèerji vsaj enkrat na mesec";"2018";"Ne, iz finanènih razlogov";2
"Ženske";"36-45 let";"Druženje ob pijaèi, na kosilu/veèerji vsaj enkrat na mesec";"2018";"Ne, iz drugih razlogov";3
"Ženske";"36-45 let";"Plaèljive prostoèasne aktivnosti";"2014";"Da";39
"Ženske";"36-45 let";"Plaèljive prostoèasne aktivnosti";"2014";"Ne, iz finanènih razlogov";22
"Ženske";"36-45 let";"Plaèljive prostoèasne aktivnosti";"2014";"Ne, iz drugih razlogov";39
"Ženske";"36-45 let";"Plaèljive prostoèasne aktivnosti";"2015";"Da";52
"Ženske";"36-45 let";"Plaèljive prostoèasne aktivnosti";"2015";"Ne, iz finanènih razlogov";19
"Ženske";"36-45 let";"Plaèljive prostoèasne aktivnosti";"2015";"Ne, iz drugih razlogov";29
"Ženske";"36-45 let";"Plaèljive prostoèasne aktivnosti";"2016";"Da";57
"Ženske";"36-45 let";"Plaèljive prostoèasne aktivnosti";"2016";"Ne, iz finanènih razlogov";17
"Ženske";"36-45 let";"Plaèljive prostoèasne aktivnosti";"2016";"Ne, iz drugih razlogov";26
"Ženske";"36-45 let";"Plaèljive prostoèasne aktivnosti";"2017";"Da";57
"Ženske";"36-45 let";"Plaèljive prostoèasne aktivnosti";"2017";"Ne, iz finanènih razlogov";16
"Ženske";"36-45 let";"Plaèljive prostoèasne aktivnosti";"2017";"Ne, iz drugih razlogov";27
"Ženske";"36-45 let";"Plaèljive prostoèasne aktivnosti";"2018";"Da";58
"Ženske";"36-45 let";"Plaèljive prostoèasne aktivnosti";"2018";"Ne, iz finanènih razlogov";13
"Ženske";"36-45 let";"Plaèljive prostoèasne aktivnosti";"2018";"Ne, iz drugih razlogov";29
"Ženske";"36-45 let";"Razpolaganje z manjšim zneskom denarja";"2014";"Da";91
"Ženske";"36-45 let";"Razpolaganje z manjšim zneskom denarja";"2014";"Ne, iz finanènih razlogov";7
"Ženske";"36-45 let";"Razpolaganje z manjšim zneskom denarja";"2014";"Ne, iz drugih razlogov";1
"Ženske";"36-45 let";"Razpolaganje z manjšim zneskom denarja";"2015";"Da";93
"Ženske";"36-45 let";"Razpolaganje z manjšim zneskom denarja";"2015";"Ne, iz finanènih razlogov";6
"Ženske";"36-45 let";"Razpolaganje z manjšim zneskom denarja";"2015";"Ne, iz drugih razlogov";1
"Ženske";"36-45 let";"Razpolaganje z manjšim zneskom denarja";"2016";"Da";94
"Ženske";"36-45 let";"Razpolaganje z manjšim zneskom denarja";"2016";"Ne, iz finanènih razlogov";5
"Ženske";"36-45 let";"Razpolaganje z manjšim zneskom denarja";"2016";"Ne, iz drugih razlogov";1
"Ženske";"36-45 let";"Razpolaganje z manjšim zneskom denarja";"2017";"Da";90
"Ženske";"36-45 let";"Razpolaganje z manjšim zneskom denarja";"2017";"Ne, iz finanènih razlogov";7
"Ženske";"36-45 let";"Razpolaganje z manjšim zneskom denarja";"2017";"Ne, iz drugih razlogov";3
"Ženske";"36-45 let";"Razpolaganje z manjšim zneskom denarja";"2018";"Da";89
"Ženske";"36-45 let";"Razpolaganje z manjšim zneskom denarja";"2018";"Ne, iz finanènih razlogov";7
"Ženske";"36-45 let";"Razpolaganje z manjšim zneskom denarja";"2018";"Ne, iz drugih razlogov";4
"Ženske";"36-45 let";"Uporaba interneta doma";"2014";"Da";92
"Ženske";"36-45 let";"Uporaba interneta doma";"2014";"Ne, iz finanènih razlogov";2
"Ženske";"36-45 let";"Uporaba interneta doma";"2014";"Ne, iz drugih razlogov";6
"Ženske";"36-45 let";"Uporaba interneta doma";"2015";"Da";94
"Ženske";"36-45 let";"Uporaba interneta doma";"2015";"Ne, iz finanènih razlogov";1
"Ženske";"36-45 let";"Uporaba interneta doma";"2015";"Ne, iz drugih razlogov";4
"Ženske";"36-45 let";"Uporaba interneta doma";"2016";"Da";96
"Ženske";"36-45 let";"Uporaba interneta doma";"2016";"Ne, iz finanènih razlogov";1
"Ženske";"36-45 let";"Uporaba interneta doma";"2016";"Ne, iz drugih razlogov";3
"Ženske";"36-45 let";"Uporaba interneta doma";"2017";"Da";98
"Ženske";"36-45 let";"Uporaba interneta doma";"2017";"Ne, iz finanènih razlogov";1
"Ženske";"36-45 let";"Uporaba interneta doma";"2017";"Ne, iz drugih razlogov";2
"Ženske";"36-45 let";"Uporaba interneta doma";"2018";"Da";98
"Ženske";"36-45 let";"Uporaba interneta doma";"2018";"Ne, iz finanènih razlogov";1
"Ženske";"36-45 let";"Uporaba interneta doma";"2018";"Ne, iz drugih razlogov";2
"Ženske";"46-55 let";"Nova oblaèila";"2014";"Da";87
"Ženske";"46-55 let";"Nova oblaèila";"2014";"Ne, iz finanènih razlogov";12
"Ženske";"46-55 let";"Nova oblaèila";"2014";"Ne, iz drugih razlogov";1
"Ženske";"46-55 let";"Nova oblaèila";"2015";"Da";94
"Ženske";"46-55 let";"Nova oblaèila";"2015";"Ne, iz finanènih razlogov";6
"Ženske";"46-55 let";"Nova oblaèila";"2015";"Ne, iz drugih razlogov";0
"Ženske";"46-55 let";"Nova oblaèila";"2016";"Da";95
"Ženske";"46-55 let";"Nova oblaèila";"2016";"Ne, iz finanènih razlogov";5
"Ženske";"46-55 let";"Nova oblaèila";"2016";"Ne, iz drugih razlogov";0
"Ženske";"46-55 let";"Nova oblaèila";"2017";"Da";93
"Ženske";"46-55 let";"Nova oblaèila";"2017";"Ne, iz finanènih razlogov";6
"Ženske";"46-55 let";"Nova oblaèila";"2017";"Ne, iz drugih razlogov";0
"Ženske";"46-55 let";"Nova oblaèila";"2018";"Da";95
"Ženske";"46-55 let";"Nova oblaèila";"2018";"Ne, iz finanènih razlogov";5
"Ženske";"46-55 let";"Nova oblaèila";"2018";"Ne, iz drugih razlogov";0
"Ženske";"46-55 let";"Dva para èevljev";"2014";"Da";98
"Ženske";"46-55 let";"Dva para èevljev";"2014";"Ne, iz finanènih razlogov";2
"Ženske";"46-55 let";"Dva para èevljev";"2014";"Ne, iz drugih razlogov";0
"Ženske";"46-55 let";"Dva para èevljev";"2015";"Da";99
"Ženske";"46-55 let";"Dva para èevljev";"2015";"Ne, iz finanènih razlogov";1
"Ženske";"46-55 let";"Dva para èevljev";"2015";"Ne, iz drugih razlogov";0
"Ženske";"46-55 let";"Dva para èevljev";"2016";"Da";99
"Ženske";"46-55 let";"Dva para èevljev";"2016";"Ne, iz finanènih razlogov";1
"Ženske";"46-55 let";"Dva para èevljev";"2016";"Ne, iz drugih razlogov";0
"Ženske";"46-55 let";"Dva para èevljev";"2017";"Da";98
"Ženske";"46-55 let";"Dva para èevljev";"2017";"Ne, iz finanènih razlogov";2
"Ženske";"46-55 let";"Dva para èevljev";"2017";"Ne, iz drugih razlogov";0
"Ženske";"46-55 let";"Dva para èevljev";"2018";"Da";99
"Ženske";"46-55 let";"Dva para èevljev";"2018";"Ne, iz finanènih razlogov";1
"Ženske";"46-55 let";"Dva para èevljev";"2018";"Ne, iz drugih razlogov";0
"Ženske";"46-55 let";"Druženje ob pijaèi, na kosilu/veèerji vsaj enkrat na mesec";"2014";"Da";82
"Ženske";"46-55 let";"Druženje ob pijaèi, na kosilu/veèerji vsaj enkrat na mesec";"2014";"Ne, iz finanènih razlogov";11
"Ženske";"46-55 let";"Druženje ob pijaèi, na kosilu/veèerji vsaj enkrat na mesec";"2014";"Ne, iz drugih razlogov";7
"Ženske";"46-55 let";"Druženje ob pijaèi, na kosilu/veèerji vsaj enkrat na mesec";"2015";"Da";85
"Ženske";"46-55 let";"Druženje ob pijaèi, na kosilu/veèerji vsaj enkrat na mesec";"2015";"Ne, iz finanènih razlogov";9
"Ženske";"46-55 let";"Druženje ob pijaèi, na kosilu/veèerji vsaj enkrat na mesec";"2015";"Ne, iz drugih razlogov";6
"Ženske";"46-55 let";"Druženje ob pijaèi, na kosilu/veèerji vsaj enkrat na mesec";"2016";"Da";90
"Ženske";"46-55 let";"Druženje ob pijaèi, na kosilu/veèerji vsaj enkrat na mesec";"2016";"Ne, iz finanènih razlogov";6
"Ženske";"46-55 let";"Druženje ob pijaèi, na kosilu/veèerji vsaj enkrat na mesec";"2016";"Ne, iz drugih razlogov";4
"Ženske";"46-55 let";"Druženje ob pijaèi, na kosilu/veèerji vsaj enkrat na mesec";"2017";"Da";92
"Ženske";"46-55 let";"Druženje ob pijaèi, na kosilu/veèerji vsaj enkrat na mesec";"2017";"Ne, iz finanènih razlogov";4
"Ženske";"46-55 let";"Druženje ob pijaèi, na kosilu/veèerji vsaj enkrat na mesec";"2017";"Ne, iz drugih razlogov";4
"Ženske";"46-55 let";"Druženje ob pijaèi, na kosilu/veèerji vsaj enkrat na mesec";"2018";"Da";92
"Ženske";"46-55 let";"Druženje ob pijaèi, na kosilu/veèerji vsaj enkrat na mesec";"2018";"Ne, iz finanènih razlogov";4
"Ženske";"46-55 let";"Druženje ob pijaèi, na kosilu/veèerji vsaj enkrat na mesec";"2018";"Ne, iz drugih razlogov";4
"Ženske";"46-55 let";"Plaèljive prostoèasne aktivnosti";"2014";"Da";33
"Ženske";"46-55 let";"Plaèljive prostoèasne aktivnosti";"2014";"Ne, iz finanènih razlogov";27
"Ženske";"46-55 let";"Plaèljive prostoèasne aktivnosti";"2014";"Ne, iz drugih razlogov";39
"Ženske";"46-55 let";"Plaèljive prostoèasne aktivnosti";"2015";"Da";42
"Ženske";"46-55 let";"Plaèljive prostoèasne aktivnosti";"2015";"Ne, iz finanènih razlogov";24
"Ženske";"46-55 let";"Plaèljive prostoèasne aktivnosti";"2015";"Ne, iz drugih razlogov";34
"Ženske";"46-55 let";"Plaèljive prostoèasne aktivnosti";"2016";"Da";48
"Ženske";"46-55 let";"Plaèljive prostoèasne aktivnosti";"2016";"Ne, iz finanènih razlogov";21
"Ženske";"46-55 let";"Plaèljive prostoèasne aktivnosti";"2016";"Ne, iz drugih razlogov";31
"Ženske";"46-55 let";"Plaèljive prostoèasne aktivnosti";"2017";"Da";52
"Ženske";"46-55 let";"Plaèljive prostoèasne aktivnosti";"2017";"Ne, iz finanènih razlogov";18
"Ženske";"46-55 let";"Plaèljive prostoèasne aktivnosti";"2017";"Ne, iz drugih razlogov";30
"Ženske";"46-55 let";"Plaèljive prostoèasne aktivnosti";"2018";"Da";52
"Ženske";"46-55 let";"Plaèljive prostoèasne aktivnosti";"2018";"Ne, iz finanènih razlogov";18
"Ženske";"46-55 let";"Plaèljive prostoèasne aktivnosti";"2018";"Ne, iz drugih razlogov";29
"Ženske";"46-55 let";"Razpolaganje z manjšim zneskom denarja";"2014";"Da";88
"Ženske";"46-55 let";"Razpolaganje z manjšim zneskom denarja";"2014";"Ne, iz finanènih razlogov";11
"Ženske";"46-55 let";"Razpolaganje z manjšim zneskom denarja";"2014";"Ne, iz drugih razlogov";1
"Ženske";"46-55 let";"Razpolaganje z manjšim zneskom denarja";"2015";"Da";91
"Ženske";"46-55 let";"Razpolaganje z manjšim zneskom denarja";"2015";"Ne, iz finanènih razlogov";7
"Ženske";"46-55 let";"Razpolaganje z manjšim zneskom denarja";"2015";"Ne, iz drugih razlogov";1
"Ženske";"46-55 let";"Razpolaganje z manjšim zneskom denarja";"2016";"Da";93
"Ženske";"46-55 let";"Razpolaganje z manjšim zneskom denarja";"2016";"Ne, iz finanènih razlogov";6
"Ženske";"46-55 let";"Razpolaganje z manjšim zneskom denarja";"2016";"Ne, iz drugih razlogov";1
"Ženske";"46-55 let";"Razpolaganje z manjšim zneskom denarja";"2017";"Da";88
"Ženske";"46-55 let";"Razpolaganje z manjšim zneskom denarja";"2017";"Ne, iz finanènih razlogov";9
"Ženske";"46-55 let";"Razpolaganje z manjšim zneskom denarja";"2017";"Ne, iz drugih razlogov";3
"Ženske";"46-55 let";"Razpolaganje z manjšim zneskom denarja";"2018";"Da";90
"Ženske";"46-55 let";"Razpolaganje z manjšim zneskom denarja";"2018";"Ne, iz finanènih razlogov";7
"Ženske";"46-55 let";"Razpolaganje z manjšim zneskom denarja";"2018";"Ne, iz drugih razlogov";3
"Ženske";"46-55 let";"Uporaba interneta doma";"2014";"Da";79
"Ženske";"46-55 let";"Uporaba interneta doma";"2014";"Ne, iz finanènih razlogov";3
"Ženske";"46-55 let";"Uporaba interneta doma";"2014";"Ne, iz drugih razlogov";18
"Ženske";"46-55 let";"Uporaba interneta doma";"2015";"Da";83
"Ženske";"46-55 let";"Uporaba interneta doma";"2015";"Ne, iz finanènih razlogov";3
"Ženske";"46-55 let";"Uporaba interneta doma";"2015";"Ne, iz drugih razlogov";14
"Ženske";"46-55 let";"Uporaba interneta doma";"2016";"Da";86
"Ženske";"46-55 let";"Uporaba interneta doma";"2016";"Ne, iz finanènih razlogov";3
"Ženske";"46-55 let";"Uporaba interneta doma";"2016";"Ne, iz drugih razlogov";11
"Ženske";"46-55 let";"Uporaba interneta doma";"2017";"Da";89
"Ženske";"46-55 let";"Uporaba interneta doma";"2017";"Ne, iz finanènih razlogov";1
"Ženske";"46-55 let";"Uporaba interneta doma";"2017";"Ne, iz drugih razlogov";10
"Ženske";"46-55 let";"Uporaba interneta doma";"2018";"Da";91
"Ženske";"46-55 let";"Uporaba interneta doma";"2018";"Ne, iz finanènih razlogov";1
"Ženske";"46-55 let";"Uporaba interneta doma";"2018";"Ne, iz drugih razlogov";8
"Ženske";"56-65 let";"Nova oblaèila";"2014";"Da";85
"Ženske";"56-65 let";"Nova oblaèila";"2014";"Ne, iz finanènih razlogov";12
"Ženske";"56-65 let";"Nova oblaèila";"2014";"Ne, iz drugih razlogov";3
"Ženske";"56-65 let";"Nova oblaèila";"2015";"Da";92
"Ženske";"56-65 let";"Nova oblaèila";"2015";"Ne, iz finanènih razlogov";7
"Ženske";"56-65 let";"Nova oblaèila";"2015";"Ne, iz drugih razlogov";1
"Ženske";"56-65 let";"Nova oblaèila";"2016";"Da";91
"Ženske";"56-65 let";"Nova oblaèila";"2016";"Ne, iz finanènih razlogov";8
"Ženske";"56-65 let";"Nova oblaèila";"2016";"Ne, iz drugih razlogov";1
"Ženske";"56-65 let";"Nova oblaèila";"2017";"Da";90
"Ženske";"56-65 let";"Nova oblaèila";"2017";"Ne, iz finanènih razlogov";10
"Ženske";"56-65 let";"Nova oblaèila";"2017";"Ne, iz drugih razlogov";0
"Ženske";"56-65 let";"Nova oblaèila";"2018";"Da";92
"Ženske";"56-65 let";"Nova oblaèila";"2018";"Ne, iz finanènih razlogov";7
"Ženske";"56-65 let";"Nova oblaèila";"2018";"Ne, iz drugih razlogov";2
"Ženske";"56-65 let";"Dva para èevljev";"2014";"Da";99
"Ženske";"56-65 let";"Dva para èevljev";"2014";"Ne, iz finanènih razlogov";1
"Ženske";"56-65 let";"Dva para èevljev";"2014";"Ne, iz drugih razlogov";0
"Ženske";"56-65 let";"Dva para èevljev";"2015";"Da";99
"Ženske";"56-65 let";"Dva para èevljev";"2015";"Ne, iz finanènih razlogov";1
"Ženske";"56-65 let";"Dva para èevljev";"2015";"Ne, iz drugih razlogov";0
"Ženske";"56-65 let";"Dva para èevljev";"2016";"Da";99
"Ženske";"56-65 let";"Dva para èevljev";"2016";"Ne, iz finanènih razlogov";1
"Ženske";"56-65 let";"Dva para èevljev";"2016";"Ne, iz drugih razlogov";0
"Ženske";"56-65 let";"Dva para èevljev";"2017";"Da";98
"Ženske";"56-65 let";"Dva para èevljev";"2017";"Ne, iz finanènih razlogov";2
"Ženske";"56-65 let";"Dva para èevljev";"2017";"Ne, iz drugih razlogov";0
"Ženske";"56-65 let";"Dva para èevljev";"2018";"Da";99
"Ženske";"56-65 let";"Dva para èevljev";"2018";"Ne, iz finanènih razlogov";1
"Ženske";"56-65 let";"Dva para èevljev";"2018";"Ne, iz drugih razlogov";0
"Ženske";"56-65 let";"Druženje ob pijaèi, na kosilu/veèerji vsaj enkrat na mesec";"2014";"Da";79
"Ženske";"56-65 let";"Druženje ob pijaèi, na kosilu/veèerji vsaj enkrat na mesec";"2014";"Ne, iz finanènih razlogov";11
"Ženske";"56-65 let";"Druženje ob pijaèi, na kosilu/veèerji vsaj enkrat na mesec";"2014";"Ne, iz drugih razlogov";10
"Ženske";"56-65 let";"Druženje ob pijaèi, na kosilu/veèerji vsaj enkrat na mesec";"2015";"Da";84
"Ženske";"56-65 let";"Druženje ob pijaèi, na kosilu/veèerji vsaj enkrat na mesec";"2015";"Ne, iz finanènih razlogov";8
"Ženske";"56-65 let";"Druženje ob pijaèi, na kosilu/veèerji vsaj enkrat na mesec";"2015";"Ne, iz drugih razlogov";8
"Ženske";"56-65 let";"Druženje ob pijaèi, na kosilu/veèerji vsaj enkrat na mesec";"2016";"Da";89
"Ženske";"56-65 let";"Druženje ob pijaèi, na kosilu/veèerji vsaj enkrat na mesec";"2016";"Ne, iz finanènih razlogov";6
"Ženske";"56-65 let";"Druženje ob pijaèi, na kosilu/veèerji vsaj enkrat na mesec";"2016";"Ne, iz drugih razlogov";4
"Ženske";"56-65 let";"Druženje ob pijaèi, na kosilu/veèerji vsaj enkrat na mesec";"2017";"Da";88
"Ženske";"56-65 let";"Druženje ob pijaèi, na kosilu/veèerji vsaj enkrat na mesec";"2017";"Ne, iz finanènih razlogov";7
"Ženske";"56-65 let";"Druženje ob pijaèi, na kosilu/veèerji vsaj enkrat na mesec";"2017";"Ne, iz drugih razlogov";5
"Ženske";"56-65 let";"Druženje ob pijaèi, na kosilu/veèerji vsaj enkrat na mesec";"2018";"Da";88
"Ženske";"56-65 let";"Druženje ob pijaèi, na kosilu/veèerji vsaj enkrat na mesec";"2018";"Ne, iz finanènih razlogov";5
"Ženske";"56-65 let";"Druženje ob pijaèi, na kosilu/veèerji vsaj enkrat na mesec";"2018";"Ne, iz drugih razlogov";8
"Ženske";"56-65 let";"Plaèljive prostoèasne aktivnosti";"2014";"Da";34
"Ženske";"56-65 let";"Plaèljive prostoèasne aktivnosti";"2014";"Ne, iz finanènih razlogov";26
"Ženske";"56-65 let";"Plaèljive prostoèasne aktivnosti";"2014";"Ne, iz drugih razlogov";40
"Ženske";"56-65 let";"Plaèljive prostoèasne aktivnosti";"2015";"Da";42
"Ženske";"56-65 let";"Plaèljive prostoèasne aktivnosti";"2015";"Ne, iz finanènih razlogov";25
"Ženske";"56-65 let";"Plaèljive prostoèasne aktivnosti";"2015";"Ne, iz drugih razlogov";33
"Ženske";"56-65 let";"Plaèljive prostoèasne aktivnosti";"2016";"Da";49
"Ženske";"56-65 let";"Plaèljive prostoèasne aktivnosti";"2016";"Ne, iz finanènih razlogov";23
"Ženske";"56-65 let";"Plaèljive prostoèasne aktivnosti";"2016";"Ne, iz drugih razlogov";29
"Ženske";"56-65 let";"Plaèljive prostoèasne aktivnosti";"2017";"Da";46
"Ženske";"56-65 let";"Plaèljive prostoèasne aktivnosti";"2017";"Ne, iz finanènih razlogov";24
"Ženske";"56-65 let";"Plaèljive prostoèasne aktivnosti";"2017";"Ne, iz drugih razlogov";30
"Ženske";"56-65 let";"Plaèljive prostoèasne aktivnosti";"2018";"Da";45
"Ženske";"56-65 let";"Plaèljive prostoèasne aktivnosti";"2018";"Ne, iz finanènih razlogov";22
"Ženske";"56-65 let";"Plaèljive prostoèasne aktivnosti";"2018";"Ne, iz drugih razlogov";33
"Ženske";"56-65 let";"Razpolaganje z manjšim zneskom denarja";"2014";"Da";88
"Ženske";"56-65 let";"Razpolaganje z manjšim zneskom denarja";"2014";"Ne, iz finanènih razlogov";10
"Ženske";"56-65 let";"Razpolaganje z manjšim zneskom denarja";"2014";"Ne, iz drugih razlogov";2
"Ženske";"56-65 let";"Razpolaganje z manjšim zneskom denarja";"2015";"Da";92
"Ženske";"56-65 let";"Razpolaganje z manjšim zneskom denarja";"2015";"Ne, iz finanènih razlogov";7
"Ženske";"56-65 let";"Razpolaganje z manjšim zneskom denarja";"2015";"Ne, iz drugih razlogov";1
"Ženske";"56-65 let";"Razpolaganje z manjšim zneskom denarja";"2016";"Da";94
"Ženske";"56-65 let";"Razpolaganje z manjšim zneskom denarja";"2016";"Ne, iz finanènih razlogov";5
"Ženske";"56-65 let";"Razpolaganje z manjšim zneskom denarja";"2016";"Ne, iz drugih razlogov";1
"Ženske";"56-65 let";"Razpolaganje z manjšim zneskom denarja";"2017";"Da";84
"Ženske";"56-65 let";"Razpolaganje z manjšim zneskom denarja";"2017";"Ne, iz finanènih razlogov";12
"Ženske";"56-65 let";"Razpolaganje z manjšim zneskom denarja";"2017";"Ne, iz drugih razlogov";4
"Ženske";"56-65 let";"Razpolaganje z manjšim zneskom denarja";"2018";"Da";84
"Ženske";"56-65 let";"Razpolaganje z manjšim zneskom denarja";"2018";"Ne, iz finanènih razlogov";10
"Ženske";"56-65 let";"Razpolaganje z manjšim zneskom denarja";"2018";"Ne, iz drugih razlogov";6
"Ženske";"56-65 let";"Uporaba interneta doma";"2014";"Da";62
"Ženske";"56-65 let";"Uporaba interneta doma";"2014";"Ne, iz finanènih razlogov";5
"Ženske";"56-65 let";"Uporaba interneta doma";"2014";"Ne, iz drugih razlogov";33
"Ženske";"56-65 let";"Uporaba interneta doma";"2015";"Da";66
"Ženske";"56-65 let";"Uporaba interneta doma";"2015";"Ne, iz finanènih razlogov";4
"Ženske";"56-65 let";"Uporaba interneta doma";"2015";"Ne, iz drugih razlogov";29
"Ženske";"56-65 let";"Uporaba interneta doma";"2016";"Da";69
"Ženske";"56-65 let";"Uporaba interneta doma";"2016";"Ne, iz finanènih razlogov";4
"Ženske";"56-65 let";"Uporaba interneta doma";"2016";"Ne, iz drugih razlogov";28
"Ženske";"56-65 let";"Uporaba interneta doma";"2017";"Da";72
"Ženske";"56-65 let";"Uporaba interneta doma";"2017";"Ne, iz finanènih razlogov";5
"Ženske";"56-65 let";"Uporaba interneta doma";"2017";"Ne, iz drugih razlogov";23
"Ženske";"56-65 let";"Uporaba interneta doma";"2018";"Da";77
"Ženske";"56-65 let";"Uporaba interneta doma";"2018";"Ne, iz finanènih razlogov";2
"Ženske";"56-65 let";"Uporaba interneta doma";"2018";"Ne, iz drugih razlogov";21
"Ženske";" 66 ali veè let";"Nova oblaèila";"2014";"Da";77
"Ženske";" 66 ali veè let";"Nova oblaèila";"2014";"Ne, iz finanènih razlogov";15
"Ženske";" 66 ali veè let";"Nova oblaèila";"2014";"Ne, iz drugih razlogov";8
"Ženske";" 66 ali veè let";"Nova oblaèila";"2015";"Da";86
"Ženske";" 66 ali veè let";"Nova oblaèila";"2015";"Ne, iz finanènih razlogov";9
"Ženske";" 66 ali veè let";"Nova oblaèila";"2015";"Ne, iz drugih razlogov";5
"Ženske";" 66 ali veè let";"Nova oblaèila";"2016";"Da";85
"Ženske";" 66 ali veè let";"Nova oblaèila";"2016";"Ne, iz finanènih razlogov";9
"Ženske";" 66 ali veè let";"Nova oblaèila";"2016";"Ne, iz drugih razlogov";6
"Ženske";" 66 ali veè let";"Nova oblaèila";"2017";"Da";85
"Ženske";" 66 ali veè let";"Nova oblaèila";"2017";"Ne, iz finanènih razlogov";10
"Ženske";" 66 ali veè let";"Nova oblaèila";"2017";"Ne, iz drugih razlogov";5
"Ženske";" 66 ali veè let";"Nova oblaèila";"2018";"Da";83
"Ženske";" 66 ali veè let";"Nova oblaèila";"2018";"Ne, iz finanènih razlogov";10
"Ženske";" 66 ali veè let";"Nova oblaèila";"2018";"Ne, iz drugih razlogov";7
"Ženske";" 66 ali veè let";"Dva para èevljev";"2014";"Da";99
"Ženske";" 66 ali veè let";"Dva para èevljev";"2014";"Ne, iz finanènih razlogov";1
"Ženske";" 66 ali veè let";"Dva para èevljev";"2014";"Ne, iz drugih razlogov";0
"Ženske";" 66 ali veè let";"Dva para èevljev";"2015";"Da";98
"Ženske";" 66 ali veè let";"Dva para èevljev";"2015";"Ne, iz finanènih razlogov";1
"Ženske";" 66 ali veè let";"Dva para èevljev";"2015";"Ne, iz drugih razlogov";0
"Ženske";" 66 ali veè let";"Dva para èevljev";"2016";"Da";99
"Ženske";" 66 ali veè let";"Dva para èevljev";"2016";"Ne, iz finanènih razlogov";1
"Ženske";" 66 ali veè let";"Dva para èevljev";"2016";"Ne, iz drugih razlogov";0
"Ženske";" 66 ali veè let";"Dva para èevljev";"2017";"Da";98
"Ženske";" 66 ali veè let";"Dva para èevljev";"2017";"Ne, iz finanènih razlogov";2
"Ženske";" 66 ali veè let";"Dva para èevljev";"2017";"Ne, iz drugih razlogov";0
"Ženske";" 66 ali veè let";"Dva para èevljev";"2018";"Da";98
"Ženske";" 66 ali veè let";"Dva para èevljev";"2018";"Ne, iz finanènih razlogov";2
"Ženske";" 66 ali veè let";"Dva para èevljev";"2018";"Ne, iz drugih razlogov";1
"Ženske";" 66 ali veè let";"Druženje ob pijaèi, na kosilu/veèerji vsaj enkrat na mesec";"2014";"Da";68
"Ženske";" 66 ali veè let";"Druženje ob pijaèi, na kosilu/veèerji vsaj enkrat na mesec";"2014";"Ne, iz finanènih razlogov";11
"Ženske";" 66 ali veè let";"Druženje ob pijaèi, na kosilu/veèerji vsaj enkrat na mesec";"2014";"Ne, iz drugih razlogov";21
"Ženske";" 66 ali veè let";"Druženje ob pijaèi, na kosilu/veèerji vsaj enkrat na mesec";"2015";"Da";75
"Ženske";" 66 ali veè let";"Druženje ob pijaèi, na kosilu/veèerji vsaj enkrat na mesec";"2015";"Ne, iz finanènih razlogov";7
"Ženske";" 66 ali veè let";"Druženje ob pijaèi, na kosilu/veèerji vsaj enkrat na mesec";"2015";"Ne, iz drugih razlogov";17
"Ženske";" 66 ali veè let";"Druženje ob pijaèi, na kosilu/veèerji vsaj enkrat na mesec";"2016";"Da";81
"Ženske";" 66 ali veè let";"Druženje ob pijaèi, na kosilu/veèerji vsaj enkrat na mesec";"2016";"Ne, iz finanènih razlogov";6
"Ženske";" 66 ali veè let";"Druženje ob pijaèi, na kosilu/veèerji vsaj enkrat na mesec";"2016";"Ne, iz drugih razlogov";13
"Ženske";" 66 ali veè let";"Druženje ob pijaèi, na kosilu/veèerji vsaj enkrat na mesec";"2017";"Da";81
"Ženske";" 66 ali veè let";"Druženje ob pijaèi, na kosilu/veèerji vsaj enkrat na mesec";"2017";"Ne, iz finanènih razlogov";7
"Ženske";" 66 ali veè let";"Druženje ob pijaèi, na kosilu/veèerji vsaj enkrat na mesec";"2017";"Ne, iz drugih razlogov";12
"Ženske";" 66 ali veè let";"Druženje ob pijaèi, na kosilu/veèerji vsaj enkrat na mesec";"2018";"Da";83
"Ženske";" 66 ali veè let";"Druženje ob pijaèi, na kosilu/veèerji vsaj enkrat na mesec";"2018";"Ne, iz finanènih razlogov";5
"Ženske";" 66 ali veè let";"Druženje ob pijaèi, na kosilu/veèerji vsaj enkrat na mesec";"2018";"Ne, iz drugih razlogov";13
"Ženske";" 66 ali veè let";"Plaèljive prostoèasne aktivnosti";"2014";"Da";23
"Ženske";" 66 ali veè let";"Plaèljive prostoèasne aktivnosti";"2014";"Ne, iz finanènih razlogov";20
"Ženske";" 66 ali veè let";"Plaèljive prostoèasne aktivnosti";"2014";"Ne, iz drugih razlogov";57
"Ženske";" 66 ali veè let";"Plaèljive prostoèasne aktivnosti";"2015";"Da";27
"Ženske";" 66 ali veè let";"Plaèljive prostoèasne aktivnosti";"2015";"Ne, iz finanènih razlogov";19
"Ženske";" 66 ali veè let";"Plaèljive prostoèasne aktivnosti";"2015";"Ne, iz drugih razlogov";54
"Ženske";" 66 ali veè let";"Plaèljive prostoèasne aktivnosti";"2016";"Da";32
"Ženske";" 66 ali veè let";"Plaèljive prostoèasne aktivnosti";"2016";"Ne, iz finanènih razlogov";16
"Ženske";" 66 ali veè let";"Plaèljive prostoèasne aktivnosti";"2016";"Ne, iz drugih razlogov";52
"Ženske";" 66 ali veè let";"Plaèljive prostoèasne aktivnosti";"2017";"Da";33
"Ženske";" 66 ali veè let";"Plaèljive prostoèasne aktivnosti";"2017";"Ne, iz finanènih razlogov";18
"Ženske";" 66 ali veè let";"Plaèljive prostoèasne aktivnosti";"2017";"Ne, iz drugih razlogov";49
"Ženske";" 66 ali veè let";"Plaèljive prostoèasne aktivnosti";"2018";"Da";36
"Ženske";" 66 ali veè let";"Plaèljive prostoèasne aktivnosti";"2018";"Ne, iz finanènih razlogov";16
"Ženske";" 66 ali veè let";"Plaèljive prostoèasne aktivnosti";"2018";"Ne, iz drugih razlogov";48
"Ženske";" 66 ali veè let";"Razpolaganje z manjšim zneskom denarja";"2014";"Da";88
"Ženske";" 66 ali veè let";"Razpolaganje z manjšim zneskom denarja";"2014";"Ne, iz finanènih razlogov";9
"Ženske";" 66 ali veè let";"Razpolaganje z manjšim zneskom denarja";"2014";"Ne, iz drugih razlogov";3
"Ženske";" 66 ali veè let";"Razpolaganje z manjšim zneskom denarja";"2015";"Da";91
"Ženske";" 66 ali veè let";"Razpolaganje z manjšim zneskom denarja";"2015";"Ne, iz finanènih razlogov";5
"Ženske";" 66 ali veè let";"Razpolaganje z manjšim zneskom denarja";"2015";"Ne, iz drugih razlogov";3
"Ženske";" 66 ali veè let";"Razpolaganje z manjšim zneskom denarja";"2016";"Da";92
"Ženske";" 66 ali veè let";"Razpolaganje z manjšim zneskom denarja";"2016";"Ne, iz finanènih razlogov";5
"Ženske";" 66 ali veè let";"Razpolaganje z manjšim zneskom denarja";"2016";"Ne, iz drugih razlogov";3
"Ženske";" 66 ali veè let";"Razpolaganje z manjšim zneskom denarja";"2017";"Da";82
"Ženske";" 66 ali veè let";"Razpolaganje z manjšim zneskom denarja";"2017";"Ne, iz finanènih razlogov";10
"Ženske";" 66 ali veè let";"Razpolaganje z manjšim zneskom denarja";"2017";"Ne, iz drugih razlogov";9
"Ženske";" 66 ali veè let";"Razpolaganje z manjšim zneskom denarja";"2018";"Da";81
"Ženske";" 66 ali veè let";"Razpolaganje z manjšim zneskom denarja";"2018";"Ne, iz finanènih razlogov";10
"Ženske";" 66 ali veè let";"Razpolaganje z manjšim zneskom denarja";"2018";"Ne, iz drugih razlogov";8
"Ženske";" 66 ali veè let";"Uporaba interneta doma";"2014";"Da";25
"Ženske";" 66 ali veè let";"Uporaba interneta doma";"2014";"Ne, iz finanènih razlogov";5
"Ženske";" 66 ali veè let";"Uporaba interneta doma";"2014";"Ne, iz drugih razlogov";71
"Ženske";" 66 ali veè let";"Uporaba interneta doma";"2015";"Da";28
"Ženske";" 66 ali veè let";"Uporaba interneta doma";"2015";"Ne, iz finanènih razlogov";4
"Ženske";" 66 ali veè let";"Uporaba interneta doma";"2015";"Ne, iz drugih razlogov";68
"Ženske";" 66 ali veè let";"Uporaba interneta doma";"2016";"Da";32
"Ženske";" 66 ali veè let";"Uporaba interneta doma";"2016";"Ne, iz finanènih razlogov";5
"Ženske";" 66 ali veè let";"Uporaba interneta doma";"2016";"Ne, iz drugih razlogov";64
"Ženske";" 66 ali veè let";"Uporaba interneta doma";"2017";"Da";40
"Ženske";" 66 ali veè let";"Uporaba interneta doma";"2017";"Ne, iz finanènih razlogov";4
"Ženske";" 66 ali veè let";"Uporaba interneta doma";"2017";"Ne, iz drugih razlogov";56
"Ženske";" 66 ali veè let";"Uporaba interneta doma";"2018";"Da";44
"Ženske";" 66 ali veè let";"Uporaba interneta doma";"2018";"Ne, iz finanènih razlogov";4
"Ženske";" 66 ali veè let";"Uporaba interneta doma";"2018";"Ne, iz drugih razlogov";53
